Country,Year,Type,Value,Lower_CI,Upper_CI,ARIMA_Order,MAPE
Algeria,1971,Historical,729.0,,,"(1,1,1)",
Algeria,1972,Historical,990.0,,,"(1,1,1)",
Algeria,1973,Historical,1015.0,,,"(1,1,1)",
Algeria,1974,Historical,938.0,,,"(1,1,1)",
Algeria,1975,Historical,913.0,,,"(1,1,1)",
Algeria,1976,Historical,1040.0,,,"(1,1,1)",
Algeria,1977,Historical,1024.0,,,"(1,1,1)",
Algeria,1978,Historical,1082.0,,,"(1,1,1)",
Algeria,1979,Historical,1091.0,,,"(1,1,1)",
Algeria,1980,Historical,957.0,,,"(1,1,1)",
Algeria,1981,Historical,1012.0,,,"(1,1,1)",
Algeria,1982,Historical,879.0,,,"(1,1,1)",
Algeria,1983,Historical,874.0,,,"(1,1,1)",
Algeria,1984,Historical,930.0,,,"(1,1,1)",
Algeria,1985,Historical,953.0,,,"(1,1,1)",
Algeria,1986,Historical,1000.0,,,"(1,1,1)",
Algeria,1987,Historical,1024.0,,,"(1,1,1)",
Algeria,1988,Historical,1041.0,,,"(1,1,1)",
Algeria,1989,Historical,1057.0,,,"(1,1,1)",
Algeria,1990,Historical,1127.0,,,"(1,1,1)",
Algeria,1991,Historical,1099.0,,,"(1,1,1)",
Algeria,1992,Historical,1091.0,,,"(1,1,1)",
Algeria,1993,Historical,1105.0,,,"(1,1,1)",
Algeria,1994,Historical,1098.0,,,"(1,1,1)",
Algeria,1995,Historical,1103.0,,,"(1,1,1)",
Algeria,1996,Historical,1175.0,,,"(1,1,1)",
Algeria,1997,Historical,1230.0,,,"(1,1,1)",
Algeria,1998,Historical,1258.0,,,"(1,1,1)",
Algeria,1999,Historical,1294.0,,,"(1,1,1)",
Algeria,2000,Historical,1390.0,,,"(1,1,1)",
Algeria,2001,Historical,1383.0,,,"(1,1,1)",
Algeria,2002,Historical,1437.0,,,"(1,1,1)",
Algeria,2003,Historical,1598.0,,,"(1,1,1)",
Algeria,2004,Historical,1654.0,,,"(1,1,1)",
Algeria,2005,Historical,1736.0,,,"(1,1,1)",
Algeria,2006,Historical,1695.0,,,"(1,1,1)",
Algeria,2007,Historical,1688.0,,,"(1,1,1)",
Algeria,2008,Historical,1608.0,,,"(1,1,1)",
Algeria,2009,Historical,1449.0,,,"(1,1,1)",
Algeria,2010,Historical,1351.0,,,"(1,1,1)",
Algeria,2011,Historical,1324.0,,,"(1,1,1)",
Algeria,2012,Historical,1249.0,,,"(1,1,1)",
Algeria,2013,Historical,1182.0,,,"(1,1,1)",
Algeria,2014,Historical,1212.0,,,"(1,1,1)",
Algeria,2015,Historical,1233.0,,,"(1,1,1)",
Algeria,2016,Historical,1241.0,,,"(1,1,1)",
Algeria,2017,Historical,1191.15452,,,"(1,1,1)",
Algeria,2018,Historical,1091.754493,,,"(1,1,1)",
Algeria,2019,Historical,1080.450627,,,"(1,1,1)",
Algeria,2020,Historical,928.825814,,,"(1,1,1)",
Algeria,2021,Historical,926.280951,,,"(1,1,1)",
Algeria,2022,Historical,971.789792,,,"(1,1,1)",
Algeria,2023,Historical,984.695022,,,"(1,1,1)",
Algeria,2024,Historical,933.8442715999954,,,"(1,1,1)",
Algeria,2025,Forecast,924.9655949146331,807.2055804566394,1042.7256093726269,"(1,1,1)",12.33
Algeria,2026,Forecast,921.1826881372223,737.8244310350586,1104.540945239386,"(1,1,1)",12.33
Algeria,2027,Forecast,919.570918253747,682.5137792478181,1156.6280572596759,"(1,1,1)",12.33
Algeria,2028,Forecast,918.8841970866301,635.9849678678784,1201.783426305382,"(1,1,1)",12.33
Algeria,2029,Forecast,918.5916081964906,595.4583221900866,1241.7248942028946,"(1,1,1)",12.33
Algeria,2030,Forecast,918.4669458695778,559.2548591273219,1277.6790326118337,"(1,1,1)",12.33
Algeria,2031,Forecast,918.4138314271808,526.301579537251,1310.5260833171105,"(1,1,1)",12.33
Angola,1971,Historical,97.0,,,"(2,1,1)",
Angola,1972,Historical,140.0,,,"(2,1,1)",
Angola,1973,Historical,152.0,,,"(2,1,1)",
Angola,1974,Historical,155.0,,,"(2,1,1)",
Angola,1975,Historical,144.0,,,"(2,1,1)",
Angola,1976,Historical,142.0,,,"(2,1,1)",
Angola,1977,Historical,132.0,,,"(2,1,1)",
Angola,1978,Historical,115.0,,,"(2,1,1)",
Angola,1979,Historical,123.0,,,"(2,1,1)",
Angola,1980,Historical,130.0,,,"(2,1,1)",
Angola,1981,Historical,105.0,,,"(2,1,1)",
Angola,1982,Historical,105.0,,,"(2,1,1)",
Angola,1983,Historical,154.0,,,"(2,1,1)",
Angola,1984,Historical,186.0,,,"(2,1,1)",
Angola,1985,Historical,208.0,,,"(2,1,1)",
Angola,1986,Historical,263.0,,,"(2,1,1)",
Angola,1987,Historical,330.0,,,"(2,1,1)",
Angola,1988,Historical,430.0,,,"(2,1,1)",
Angola,1989,Historical,427.0,,,"(2,1,1)",
Angola,1990,Historical,450.0,,,"(2,1,1)",
Angola,1991,Historical,473.0,,,"(2,1,1)",
Angola,1992,Historical,522.0,,,"(2,1,1)",
Angola,1993,Historical,478.0,,,"(2,1,1)",
Angola,1994,Historical,516.0,,,"(2,1,1)",
Angola,1995,Historical,584.0,,,"(2,1,1)",
Angola,1996,Historical,637.0,,,"(2,1,1)",
Angola,1997,Historical,679.0,,,"(2,1,1)",
Angola,1998,Historical,713.0,,,"(2,1,1)",
Angola,1999,Historical,711.0,,,"(2,1,1)",
Angola,2000,Historical,762.0,,,"(2,1,1)",
Angola,2001,Historical,708.0,,,"(2,1,1)",
Angola,2002,Historical,864.0,,,"(2,1,1)",
Angola,2003,Historical,840.0,,,"(2,1,1)",
Angola,2004,Historical,952.0,,,"(2,1,1)",
Angola,2005,Historical,1220.0,,,"(2,1,1)",
Angola,2006,Historical,1387.0,,,"(2,1,1)",
Angola,2007,Historical,1684.0,,,"(2,1,1)",
Angola,2008,Historical,1868.0,,,"(2,1,1)",
Angola,2009,Historical,1791.0,,,"(2,1,1)",
Angola,2010,Historical,1730.0,,,"(2,1,1)",
Angola,2011,Historical,1567.0,,,"(2,1,1)",
Angola,2012,Historical,1672.0,,,"(2,1,1)",
Angola,2013,Historical,1684.0,,,"(2,1,1)",
Angola,2014,Historical,1626.0,,,"(2,1,1)",
Angola,2015,Historical,1731.0,,,"(2,1,1)",
Angola,2016,Historical,1689.0,,,"(2,1,1)",
Angola,2017,Historical,1600.590023,,,"(2,1,1)",
Angola,2018,Historical,1445.8801290000001,,,"(2,1,1)",
Angola,2019,Historical,1340.356023,,,"(2,1,1)",
Angola,2020,Historical,1245.010079,,,"(2,1,1)",
Angola,2021,Historical,1098.760669,,,"(2,1,1)",
Angola,2022,Historical,1102.223899,,,"(2,1,1)",
Angola,2023,Historical,1075.5899889999998,,,"(2,1,1)",
Angola,2024,Historical,970.6926573999517,,,"(2,1,1)",
Angola,2025,Forecast,904.9905503441316,756.312780416478,1053.6683202717854,"(2,1,1)",13.18
Angola,2026,Forecast,849.7058803948597,602.5102642899925,1096.9014964997268,"(2,1,1)",13.18
Angola,2027,Forecast,797.2011947754087,466.7717103836199,1127.6306791671975,"(2,1,1)",13.18
Angola,2028,Forecast,745.4495546492682,340.88342432385116,1150.0156849746852,"(2,1,1)",13.18
Angola,2029,Forecast,693.9130168470608,220.84034040559175,1166.98569328853,"(2,1,1)",13.18
Angola,2030,Forecast,642.4488084334705,104.54233996122218,1180.3552769057187,"(2,1,1)",13.18
Angola,2031,Forecast,591.0190322092542,-9.198150157828763,1191.2362145763373,"(2,1,1)",13.18
Canada,1971,Historical,807.0,,,"(2,1,2)",
Canada,1972,Historical,1073.0,,,"(2,1,2)",
Canada,1973,Historical,1274.0,,,"(2,1,2)",
Canada,1974,Historical,1039.0,,,"(2,1,2)",
Canada,1975,Historical,877.0,,,"(2,1,2)",
Canada,1976,Historical,617.0,,,"(2,1,2)",
Canada,1977,Historical,500.0,,,"(2,1,2)",
Canada,1978,Historical,495.0,,,"(2,1,2)",
Canada,1979,Historical,535.0,,,"(2,1,2)",
Canada,1980,Historical,468.0,,,"(2,1,2)",
Canada,1981,Historical,416.0,,,"(2,1,2)",
Canada,1982,Historical,457.0,,,"(2,1,2)",
Canada,1983,Historical,545.0,,,"(2,1,2)",
Canada,1984,Historical,626.0,,,"(2,1,2)",
Canada,1985,Historical,779.0,,,"(2,1,2)",
Canada,1986,Historical,814.0,,,"(2,1,2)",
Canada,1987,Historical,881.0,,,"(2,1,2)",
Canada,1988,Historical,1081.0,,,"(2,1,2)",
Canada,1989,Historical,1004.0,,,"(2,1,2)",
Canada,1990,Historical,1038.0,,,"(2,1,2)",
Canada,1991,Historical,1172.0,,,"(2,1,2)",
Canada,1992,Historical,1222.0,,,"(2,1,2)",
Canada,1993,Historical,1323.0,,,"(2,1,2)",
Canada,1994,Historical,1394.0,,,"(2,1,2)",
Canada,1995,Historical,1517.0,,,"(2,1,2)",
Canada,1996,Historical,1644.0,,,"(2,1,2)",
Canada,1997,Historical,1765.0,,,"(2,1,2)",
Canada,1998,Historical,1890.0,,,"(2,1,2)",
Canada,1999,Historical,1800.0,,,"(2,1,2)",
Canada,2000,Historical,1929.0,,,"(2,1,2)",
Canada,2001,Historical,1980.0,,,"(2,1,2)",
Canada,2002,Historical,2109.0,,,"(2,1,2)",
Canada,2003,Historical,2176.0,,,"(2,1,2)",
Canada,2004,Historical,2265.0,,,"(2,1,2)",
Canada,2005,Historical,2184.0,,,"(2,1,2)",
Canada,2006,Historical,2335.0,,,"(2,1,2)",
Canada,2007,Historical,2394.0,,,"(2,1,2)",
Canada,2008,Historical,2427.0,,,"(2,1,2)",
Canada,2009,Historical,2405.0,,,"(2,1,2)",
Canada,2010,Historical,2468.0,,,"(2,1,2)",
Canada,2011,Historical,2708.0,,,"(2,1,2)",
Canada,2012,Historical,2985.0,,,"(2,1,2)",
Canada,2013,Historical,3261.0,,,"(2,1,2)",
Canada,2014,Historical,3445.0,,,"(2,1,2)",
Canada,2015,Historical,3653.0,,,"(2,1,2)",
Canada,2016,Historical,3806.0,,,"(2,1,2)",
Canada,2017,Historical,4021.327638,,,"(2,1,2)",
Canada,2018,Historical,4330.2115570000005,,,"(2,1,2)",
Canada,2019,Historical,4577.777075,,,"(2,1,2)",
Canada,2020,Historical,4325.587488,,,"(2,1,2)",
Canada,2021,Historical,4554.897277,,,"(2,1,2)",
Canada,2022,Historical,4621.947837,,,"(2,1,2)",
Canada,2023,Historical,4711.585547,,,"(2,1,2)",
Canada,2024,Historical,4920.617059,,,"(2,1,2)",
Canada,2025,Forecast,5062.315946168187,4757.185327934602,5367.446564401772,"(2,1,2)",10.8
Canada,2026,Forecast,5204.071020538744,4756.507947170857,5651.634093906631,"(2,1,2)",10.8
Canada,2027,Forecast,5345.769889731839,4778.670769697385,5912.869009766292,"(2,1,2)",10.8
Canada,2028,Forecast,5487.524934211494,4811.509847992769,6163.540020430219,"(2,1,2)",10.8
Canada,2029,Forecast,5629.2237854282375,4850.462460572294,6407.985110284181,"(2,1,2)",10.8
Canada,2030,Forecast,5770.978800018259,4893.453163370921,6648.504436665597,"(2,1,2)",10.8
Canada,2031,Forecast,5912.677633257392,4939.174562825211,6886.1807036895725,"(2,1,2)",10.8
Indonesia,1971,Historical,724.0,,,"(1,1,1)",
Indonesia,1972,Historical,939.0,,,"(1,1,1)",
Indonesia,1973,Historical,1154.0,,,"(1,1,1)",
Indonesia,1974,Historical,1222.0,,,"(1,1,1)",
Indonesia,1975,Historical,1175.0,,,"(1,1,1)",
Indonesia,1976,Historical,1408.0,,,"(1,1,1)",
Indonesia,1977,Historical,1569.0,,,"(1,1,1)",
Indonesia,1978,Historical,1567.0,,,"(1,1,1)",
Indonesia,1979,Historical,1450.0,,,"(1,1,1)",
Indonesia,1980,Historical,1364.0,,,"(1,1,1)",
Indonesia,1981,Historical,1404.0,,,"(1,1,1)",
Indonesia,1982,Historical,1214.0,,,"(1,1,1)",
Indonesia,1983,Historical,1304.0,,,"(1,1,1)",
Indonesia,1984,Historical,1285.0,,,"(1,1,1)",
Indonesia,1985,Historical,1014.0,,,"(1,1,1)",
Indonesia,1986,Historical,1085.0,,,"(1,1,1)",
Indonesia,1987,Historical,989.0,,,"(1,1,1)",
Indonesia,1988,Historical,963.0,,,"(1,1,1)",
Indonesia,1989,Historical,1016.0,,,"(1,1,1)",
Indonesia,1990,Historical,1028.0,,,"(1,1,1)",
Indonesia,1991,Historical,1139.0,,,"(1,1,1)",
Indonesia,1992,Historical,1067.0,,,"(1,1,1)",
Indonesia,1993,Historical,1011.0,,,"(1,1,1)",
Indonesia,1994,Historical,1155.0,,,"(1,1,1)",
Indonesia,1995,Historical,1068.0,,,"(1,1,1)",
Indonesia,1996,Historical,1048.0,,,"(1,1,1)",
Indonesia,1997,Historical,1028.0,,,"(1,1,1)",
Indonesia,1998,Historical,964.0,,,"(1,1,1)",
Indonesia,1999,Historical,967.0,,,"(1,1,1)",
Indonesia,2000,Historical,788.0,,,"(1,1,1)",
Indonesia,2001,Historical,839.0,,,"(1,1,1)",
Indonesia,2002,Historical,747.0,,,"(1,1,1)",
Indonesia,2003,Historical,719.0,,,"(1,1,1)",
Indonesia,2004,Historical,643.0,,,"(1,1,1)",
Indonesia,2005,Historical,572.0,,,"(1,1,1)",
Indonesia,2006,Historical,403.0,,,"(1,1,1)",
Indonesia,2007,Historical,476.0,,,"(1,1,1)",
Indonesia,2008,Historical,438.0,,,"(1,1,1)",
Indonesia,2009,Historical,428.0,,,"(1,1,1)",
Indonesia,2010,Historical,425.0,,,"(1,1,1)",
Indonesia,2011,Historical,452.0,,,"(1,1,1)",
Indonesia,2012,Historical,394.0,,,"(1,1,1)",
Indonesia,2013,Historical,407.0,,,"(1,1,1)",
Indonesia,2014,Historical,400.0,,,"(1,1,1)",
Indonesia,2015,Historical,395.0,,,"(1,1,1)",
Indonesia,2016,Historical,417.0,,,"(1,1,1)",
Indonesia,2017,Historical,362.33149299999997,,,"(1,1,1)",
Indonesia,2018,Historical,276.26239499999997,,,"(1,1,1)",
Indonesia,2019,Historical,146.45833900000002,,,"(1,1,1)",
Indonesia,2020,Historical,156.911115,,,"(1,1,1)",
Indonesia,2021,Historical,138.353676,,,"(1,1,1)",
Indonesia,2022,Historical,112.74689599999999,,,"(1,1,1)",
Indonesia,2023,Historical,138.172179,,,"(1,1,1)",
Indonesia,2024,Historical,120.30747930000325,,,"(1,1,1)",
Indonesia,2025,Forecast,114.61994459245247,21.861109837149513,207.37877934775543,"(1,1,1)",27.57
Indonesia,2026,Forecast,111.928247303716,-45.20662185922549,269.0631164666575,"(1,1,1)",27.57
Indonesia,2027,Forecast,110.65436772904327,-101.7828546332138,323.09159009130036,"(1,1,1)",27.57
Indonesia,2028,Forecast,110.05148820854185,-150.34878862980446,370.45176504688817,"(1,1,1)",27.57
Indonesia,2029,Forecast,109.76616789768485,-192.8689378814321,412.4012736768018,"(1,1,1)",27.57
Indonesia,2030,Forecast,109.63113647429228,-230.806605838641,450.0688787872256,"(1,1,1)",27.57
Indonesia,2031,Forecast,109.5672311559199,-265.21355992285777,484.34802223469757,"(1,1,1)",27.57
Iran,1971,Historical,4246.0,,,"(2,1,1)",
Iran,1972,Historical,4749.0,,,"(2,1,1)",
Iran,1973,Historical,5521.0,,,"(2,1,1)",
Iran,1974,Historical,5613.0,,,"(2,1,1)",
Iran,1975,Historical,4909.0,,,"(2,1,1)",
Iran,1976,Historical,5393.0,,,"(2,1,1)",
Iran,1977,Historical,5003.0,,,"(2,1,1)",
Iran,1978,Historical,3885.0,,,"(2,1,1)",
Iran,1979,Historical,2979.0,,,"(2,1,1)",
Iran,1980,Historical,866.0,,,"(2,1,1)",
Iran,1981,Historical,798.0,,,"(2,1,1)",
Iran,1982,Historical,1672.0,,,"(2,1,1)",
Iran,1983,Historical,1980.0,,,"(2,1,1)",
Iran,1984,Historical,1551.0,,,"(2,1,1)",
Iran,1985,Historical,1592.0,,,"(2,1,1)",
Iran,1986,Historical,1160.0,,,"(2,1,1)",
Iran,1987,Historical,1671.0,,,"(2,1,1)",
Iran,1988,Historical,1861.0,,,"(2,1,1)",
Iran,1989,Historical,2114.0,,,"(2,1,1)",
Iran,1990,Historical,2444.0,,,"(2,1,1)",
Iran,1991,Historical,2573.0,,,"(2,1,1)",
Iran,1992,Historical,2820.0,,,"(2,1,1)",
Iran,1993,Historical,2891.0,,,"(2,1,1)",
Iran,1994,Historical,2708.0,,,"(2,1,1)",
Iran,1995,Historical,2745.0,,,"(2,1,1)",
Iran,1996,Historical,2744.0,,,"(2,1,1)",
Iran,1997,Historical,2577.0,,,"(2,1,1)",
Iran,1998,Historical,2642.0,,,"(2,1,1)",
Iran,1999,Historical,2515.0,,,"(2,1,1)",
Iran,2000,Historical,2699.0,,,"(2,1,1)",
Iran,2001,Historical,2456.0,,,"(2,1,1)",
Iran,2002,Historical,2519.0,,,"(2,1,1)",
Iran,2003,Historical,2984.0,,,"(2,1,1)",
Iran,2004,Historical,3016.0,,,"(2,1,1)",
Iran,2005,Historical,2917.0,,,"(2,1,1)",
Iran,2006,Historical,3061.0,,,"(2,1,1)",
Iran,2007,Historical,3105.0,,,"(2,1,1)",
Iran,2008,Historical,2902.0,,,"(2,1,1)",
Iran,2009,Historical,2803.0,,,"(2,1,1)",
Iran,2010,Historical,2886.0,,,"(2,1,1)",
Iran,2011,Historical,2868.0,,,"(2,1,1)",
Iran,2012,Historical,1640.0,,,"(2,1,1)",
Iran,2013,Historical,1555.0,,,"(2,1,1)",
Iran,2014,Historical,1337.0,,,"(2,1,1)",
Iran,2015,Historical,1554.0,,,"(2,1,1)",
Iran,2016,Historical,2675.0,,,"(2,1,1)",
Iran,2017,Historical,2695.0917369999997,,,"(2,1,1)",
Iran,2018,Historical,2398.3298059999997,,,"(2,1,1)",
Iran,2019,Historical,1296.8461889999999,,,"(2,1,1)",
Iran,2020,Historical,1036.307519,,,"(2,1,1)",
Iran,2021,Historical,1319.32851,,,"(2,1,1)",
Iran,2022,Historical,1481.1712360000001,,,"(2,1,1)",
Iran,2023,Historical,1592.884814,,,"(2,1,1)",
Iran,2024,Historical,1656.3899436999927,,,"(2,1,1)",
Iran,2025,Forecast,1724.3162018675043,1009.2855194504414,2439.3468842845673,"(2,1,1)",23.66
Iran,2026,Forecast,1753.7148819746385,743.1197352830673,2764.3100286662097,"(2,1,1)",23.66
Iran,2027,Forecast,1745.230251721968,683.6400233496622,2806.820480094274,"(2,1,1)",23.66
Iran,2028,Forecast,1721.9805823598524,667.9874265647948,2775.9737381549103,"(2,1,1)",23.66
Iran,2029,Forecast,1704.9684383298522,649.8715456974887,2760.0653309622157,"(2,1,1)",23.66
Iran,2030,Forecast,1701.4573586434858,649.2416911429063,2753.6730261440653,"(2,1,1)",23.66
Iran,2031,Forecast,1707.1379492359083,656.1407004006676,2758.135198071149,"(2,1,1)",23.66
Iraq,1971,Historical,1621.0,,,"(2,1,1)",
Iraq,1972,Historical,1395.0,,,"(2,1,1)",
Iraq,1973,Historical,1934.0,,,"(2,1,1)",
Iraq,1974,Historical,1891.0,,,"(2,1,1)",
Iraq,1975,Historical,2126.0,,,"(2,1,1)",
Iraq,1976,Historical,2254.0,,,"(2,1,1)",
Iraq,1977,Historical,2207.0,,,"(2,1,1)",
Iraq,1978,Historical,2398.0,,,"(2,1,1)",
Iraq,1979,Historical,3289.0,,,"(2,1,1)",
Iraq,1980,Historical,2482.0,,,"(2,1,1)",
Iraq,1981,Historical,735.0,,,"(2,1,1)",
Iraq,1982,Historical,842.0,,,"(2,1,1)",
Iraq,1983,Historical,761.0,,,"(2,1,1)",
Iraq,1984,Historical,950.0,,,"(2,1,1)",
Iraq,1985,Historical,1157.0,,,"(2,1,1)",
Iraq,1986,Historical,1401.0,,,"(2,1,1)",
Iraq,1987,Historical,1807.0,,,"(2,1,1)",
Iraq,1988,Historical,2386.0,,,"(2,1,1)",
Iraq,1989,Historical,2436.0,,,"(2,1,1)",
Iraq,1990,Historical,1776.0,,,"(2,1,1)",
Iraq,1991,Historical,74.0,,,"(2,1,1)",
Iraq,1992,Historical,106.0,,,"(2,1,1)",
Iraq,1993,Historical,111.0,,,"(2,1,1)",
Iraq,1994,Historical,122.0,,,"(2,1,1)",
Iraq,1995,Historical,131.0,,,"(2,1,1)",
Iraq,1996,Historical,157.0,,,"(2,1,1)",
Iraq,1997,Historical,791.0,,,"(2,1,1)",
Iraq,1998,Historical,1647.0,,,"(2,1,1)",
Iraq,1999,Historical,2153.0,,,"(2,1,1)",
Iraq,2000,Historical,2136.0,,,"(2,1,1)",
Iraq,2001,Historical,2076.0,,,"(2,1,1)",
Iraq,2002,Historical,1715.0,,,"(2,1,1)",
Iraq,2003,Historical,1095.0,,,"(2,1,1)",
Iraq,2004,Historical,1557.0,,,"(2,1,1)",
Iraq,2005,Historical,1456.0,,,"(2,1,1)",
Iraq,2006,Historical,1558.0,,,"(2,1,1)",
Iraq,2007,Historical,1677.0,,,"(2,1,1)",
Iraq,2008,Historical,1837.0,,,"(2,1,1)",
Iraq,2009,Historical,1946.0,,,"(2,1,1)",
Iraq,2010,Historical,1907.0,,,"(2,1,1)",
Iraq,2011,Historical,2171.0,,,"(2,1,1)",
Iraq,2012,Historical,2422.0,,,"(2,1,1)",
Iraq,2013,Historical,2386.0,,,"(2,1,1)",
Iraq,2014,Historical,2531.0,,,"(2,1,1)",
Iraq,2015,Historical,3041.0,,,"(2,1,1)",
Iraq,2016,Historical,3817.0,,,"(2,1,1)",
Iraq,2017,Historical,3886.466003,,,"(2,1,1)",
Iraq,2018,Historical,3907.893219,,,"(2,1,1)",
Iraq,2019,Historical,4072.5193630000003,,,"(2,1,1)",
Iraq,2020,Historical,3527.781008,,,"(2,1,1)",
Iraq,2021,Historical,3412.113682,,,"(2,1,1)",
Iraq,2022,Historical,3670.903026,,,"(2,1,1)",
Iraq,2023,Historical,3410.72712,,,"(2,1,1)",
Iraq,2024,Historical,3264.6700993999257,,,"(2,1,1)",
Iraq,2025,Forecast,3320.2052528068434,2782.2433366871046,3858.1671689265822,"(2,1,1)",14.14
Iraq,2026,Forecast,3320.7834099846673,2261.6426020304725,4379.924217938862,"(2,1,1)",14.14
Iraq,2027,Forecast,3315.65083390764,2000.7729811046656,4630.528686710614,"(2,1,1)",14.14
Iraq,2028,Forecast,3316.761054580044,1790.14692473521,4843.375184424878,"(2,1,1)",14.14
Iraq,2029,Forecast,3316.971895004158,1598.7733408641532,5035.170449144162,"(2,1,1)",14.14
Iraq,2030,Forecast,3316.824159840487,1427.432498543761,5206.215821137213,"(2,1,1)",14.14
Iraq,2031,Forecast,3316.8386261483274,1270.7440341126437,5362.933218184011,"(2,1,1)",14.14
Kuwait,1971,Historical,3077.0,,,"(2,1,1)",
Kuwait,1972,Historical,3253.0,,,"(2,1,1)",
Kuwait,1973,Historical,2982.0,,,"(2,1,1)",
Kuwait,1974,Historical,2527.0,,,"(2,1,1)",
Kuwait,1975,Historical,2105.0,,,"(2,1,1)",
Kuwait,1976,Historical,2129.0,,,"(2,1,1)",
Kuwait,1977,Historical,1929.0,,,"(2,1,1)",
Kuwait,1978,Historical,2073.0,,,"(2,1,1)",
Kuwait,1979,Historical,2513.0,,,"(2,1,1)",
Kuwait,1980,Historical,1567.0,,,"(2,1,1)",
Kuwait,1981,Historical,1017.0,,,"(2,1,1)",
Kuwait,1982,Historical,679.0,,,"(2,1,1)",
Kuwait,1983,Historical,934.0,,,"(2,1,1)",
Kuwait,1984,Historical,1081.0,,,"(2,1,1)",
Kuwait,1985,Historical,942.0,,,"(2,1,1)",
Kuwait,1986,Historical,1006.0,,,"(2,1,1)",
Kuwait,1987,Historical,1128.0,,,"(2,1,1)",
Kuwait,1988,Historical,1307.0,,,"(2,1,1)",
Kuwait,1989,Historical,1565.0,,,"(2,1,1)",
Kuwait,1990,Historical,864.0,,,"(2,1,1)",
Kuwait,1991,Historical,152.0,,,"(2,1,1)",
Kuwait,1992,Historical,993.0,,,"(2,1,1)",
Kuwait,1993,Historical,1861.0,,,"(2,1,1)",
Kuwait,1994,Historical,1970.0,,,"(2,1,1)",
Kuwait,1995,Historical,1984.0,,,"(2,1,1)",
Kuwait,1996,Historical,1989.0,,,"(2,1,1)",
Kuwait,1997,Historical,1991.0,,,"(2,1,1)",
Kuwait,1998,Historical,1992.0,,,"(2,1,1)",
Kuwait,1999,Historical,1787.0,,,"(2,1,1)",
Kuwait,2000,Historical,1900.0,,,"(2,1,1)",
Kuwait,2001,Historical,1834.0,,,"(2,1,1)",
Kuwait,2002,Historical,1613.0,,,"(2,1,1)",
Kuwait,2003,Historical,1978.0,,,"(2,1,1)",
Kuwait,2004,Historical,2137.0,,,"(2,1,1)",
Kuwait,2005,Historical,2371.0,,,"(2,1,1)",
Kuwait,2006,Historical,2488.0,,,"(2,1,1)",
Kuwait,2007,Historical,2400.0,,,"(2,1,1)",
Kuwait,2008,Historical,2484.0,,,"(2,1,1)",
Kuwait,2009,Historical,2022.0,,,"(2,1,1)",
Kuwait,2010,Historical,2098.0,,,"(2,1,1)",
Kuwait,2011,Historical,2488.0,,,"(2,1,1)",
Kuwait,2012,Historical,2788.0,,,"(2,1,1)",
Kuwait,2013,Historical,2762.0,,,"(2,1,1)",
Kuwait,2014,Historical,2774.0,,,"(2,1,1)",
Kuwait,2015,Historical,2723.0,,,"(2,1,1)",
Kuwait,2016,Historical,2841.0,,,"(2,1,1)",
Kuwait,2017,Historical,2613.2800349999998,,,"(2,1,1)",
Kuwait,2018,Historical,2666.359367,,,"(2,1,1)",
Kuwait,2019,Historical,2606.0117419999997,,,"(2,1,1)",
Kuwait,2020,Historical,2408.760254,,,"(2,1,1)",
Kuwait,2021,Historical,2471.147607,,,"(2,1,1)",
Kuwait,2022,Historical,2548.040484,,,"(2,1,1)",
Kuwait,2023,Historical,2523.537995,,,"(2,1,1)",
Kuwait,2024,Historical,2503.799437199984,,,"(2,1,1)",
Kuwait,2025,Forecast,2534.184707325149,2351.4563133612683,2716.9131012890293,"(2,1,1)",10.94
Kuwait,2026,Forecast,2506.2647841068288,2283.0331686282934,2729.496399585364,"(2,1,1)",10.94
Kuwait,2027,Forecast,2526.0671192945088,2278.1911563787457,2773.9430822102718,"(2,1,1)",10.94
Kuwait,2028,Forecast,2515.065378805157,2220.5312422121065,2809.599515398207,"(2,1,1)",10.94
Kuwait,2029,Forecast,2519.127610449493,2206.105399778513,2832.1498211204735,"(2,1,1)",10.94
Kuwait,2030,Forecast,2519.390802072571,2173.6307975990294,2865.150806546113,"(2,1,1)",10.94
Kuwait,2031,Forecast,2517.126316650356,2150.464635885634,2883.787997415078,"(2,1,1)",10.94
Libya,1971,Historical,2759.0,,,"(1,1,1)",
Libya,1972,Historical,2251.0,,,"(1,1,1)",
Libya,1973,Historical,2240.0,,,"(1,1,1)",
Libya,1974,Historical,1559.0,,,"(1,1,1)",
Libya,1975,Historical,1508.0,,,"(1,1,1)",
Libya,1976,Historical,1965.0,,,"(1,1,1)",
Libya,1977,Historical,2061.0,,,"(1,1,1)",
Libya,1978,Historical,1964.0,,,"(1,1,1)",
Libya,1979,Historical,2080.0,,,"(1,1,1)",
Libya,1980,Historical,1788.0,,,"(1,1,1)",
Libya,1981,Historical,1168.0,,,"(1,1,1)",
Libya,1982,Historical,1081.0,,,"(1,1,1)",
Libya,1983,Historical,1036.0,,,"(1,1,1)",
Libya,1984,Historical,1006.0,,,"(1,1,1)",
Libya,1985,Historical,930.0,,,"(1,1,1)",
Libya,1986,Historical,927.0,,,"(1,1,1)",
Libya,1987,Historical,874.0,,,"(1,1,1)",
Libya,1988,Historical,954.0,,,"(1,1,1)",
Libya,1989,Historical,985.0,,,"(1,1,1)",
Libya,1990,Historical,1239.0,,,"(1,1,1)",
Libya,1991,Historical,1400.0,,,"(1,1,1)",
Libya,1992,Historical,1320.0,,,"(1,1,1)",
Libya,1993,Historical,1244.0,,,"(1,1,1)",
Libya,1994,Historical,1238.0,,,"(1,1,1)",
Libya,1995,Historical,1283.0,,,"(1,1,1)",
Libya,1996,Historical,1289.0,,,"(1,1,1)",
Libya,1997,Historical,1306.0,,,"(1,1,1)",
Libya,1998,Historical,1359.0,,,"(1,1,1)",
Libya,1999,Historical,1183.0,,,"(1,1,1)",
Libya,2000,Historical,1242.0,,,"(1,1,1)",
Libya,2001,Historical,1220.0,,,"(1,1,1)",
Libya,2002,Historical,1211.0,,,"(1,1,1)",
Libya,2003,Historical,1320.0,,,"(1,1,1)",
Libya,2004,Historical,1507.0,,,"(1,1,1)",
Libya,2005,Historical,1609.0,,,"(1,1,1)",
Libya,2006,Historical,1713.0,,,"(1,1,1)",
Libya,2007,Historical,1807.0,,,"(1,1,1)",
Libya,2008,Historical,1761.0,,,"(1,1,1)",
Libya,2009,Historical,1629.0,,,"(1,1,1)",
Libya,2010,Historical,1629.0,,,"(1,1,1)",
Libya,2011,Historical,374.0,,,"(1,1,1)",
Libya,2012,Historical,1453.0,,,"(1,1,1)",
Libya,2013,Historical,1038.0,,,"(1,1,1)",
Libya,2014,Historical,416.0,,,"(1,1,1)",
Libya,2015,Historical,371.0,,,"(1,1,1)",
Libya,2016,Historical,374.0,,,"(1,1,1)",
Libya,2017,Historical,885.306296,,,"(1,1,1)",
Libya,2018,Historical,1127.825872,,,"(1,1,1)",
Libya,2019,Historical,1174.740583,,,"(1,1,1)",
Libya,2020,Historical,431.038435,,,"(1,1,1)",
Libya,2021,Historical,1266.360092,,,"(1,1,1)",
Libya,2022,Historical,1112.322124,,,"(1,1,1)",
Libya,2023,Historical,1176.7680500000001,,,"(1,1,1)",
Libya,2024,Historical,1237.8474436999823,,,"(1,1,1)",
Libya,2025,Forecast,1130.743912909088,401.13899290448956,1860.3488329136867,"(1,1,1)",55.89
Libya,2026,Forecast,1119.7851757736698,325.32844467067355,1914.2419068766662,"(1,1,1)",55.89
Libya,2027,Forecast,1118.6638876264317,278.96806378542794,1958.3597114674353,"(1,1,1)",55.89
Libya,2028,Forecast,1118.5491584296637,237.25954511577152,1999.838771743556,"(1,1,1)",55.89
Libya,2029,Forecast,1118.5374194412302,197.65965701992627,2039.4151818625342,"(1,1,1)",55.89
Libya,2030,Forecast,1118.5362183184704,159.71610414774557,2077.356332489195,"(1,1,1)",55.89
Libya,2031,Forecast,1118.5360954206678,123.22022499191735,2113.8519658494183,"(1,1,1)",55.89
Mexico,1971,Historical,31.0,,,"(1,1,1)",
Mexico,1972,Historical,31.0,,,"(1,1,1)",
Mexico,1973,Historical,28.0,,,"(1,1,1)",
Mexico,1974,Historical,37.0,,,"(1,1,1)",
Mexico,1975,Historical,109.0,,,"(1,1,1)",
Mexico,1976,Historical,105.0,,,"(1,1,1)",
Mexico,1977,Historical,224.0,,,"(1,1,1)",
Mexico,1978,Historical,397.0,,,"(1,1,1)",
Mexico,1979,Historical,588.0,,,"(1,1,1)",
Mexico,1980,Historical,968.0,,,"(1,1,1)",
Mexico,1981,Historical,1294.0,,,"(1,1,1)",
Mexico,1982,Historical,1712.0,,,"(1,1,1)",
Mexico,1983,Historical,1802.0,,,"(1,1,1)",
Mexico,1984,Historical,1780.0,,,"(1,1,1)",
Mexico,1985,Historical,1696.0,,,"(1,1,1)",
Mexico,1986,Historical,1558.0,,,"(1,1,1)",
Mexico,1987,Historical,1603.0,,,"(1,1,1)",
Mexico,1988,Historical,1587.0,,,"(1,1,1)",
Mexico,1989,Historical,1516.0,,,"(1,1,1)",
Mexico,1990,Historical,1515.0,,,"(1,1,1)",
Mexico,1991,Historical,1606.0,,,"(1,1,1)",
Mexico,1992,Historical,1612.0,,,"(1,1,1)",
Mexico,1993,Historical,1616.0,,,"(1,1,1)",
Mexico,1994,Historical,1538.0,,,"(1,1,1)",
Mexico,1995,Historical,1542.0,,,"(1,1,1)",
Mexico,1996,Historical,1699.0,,,"(1,1,1)",
Mexico,1997,Historical,1903.0,,,"(1,1,1)",
Mexico,1998,Historical,1938.0,,,"(1,1,1)",
Mexico,1999,Historical,1788.0,,,"(1,1,1)",
Mexico,2000,Historical,1941.0,,,"(1,1,1)",
Mexico,2001,Historical,1967.0,,,"(1,1,1)",
Mexico,2002,Historical,2067.0,,,"(1,1,1)",
Mexico,2003,Historical,2214.0,,,"(1,1,1)",
Mexico,2004,Historical,2208.0,,,"(1,1,1)",
Mexico,2005,Historical,2131.0,,,"(1,1,1)",
Mexico,2006,Historical,2134.0,,,"(1,1,1)",
Mexico,2007,Historical,1931.0,,,"(1,1,1)",
Mexico,2008,Historical,1643.0,,,"(1,1,1)",
Mexico,2009,Historical,1512.0,,,"(1,1,1)",
Mexico,2010,Historical,1636.0,,,"(1,1,1)",
Mexico,2011,Historical,1601.0,,,"(1,1,1)",
Mexico,2012,Historical,1482.0,,,"(1,1,1)",
Mexico,2013,Historical,1450.0,,,"(1,1,1)",
Mexico,2014,Historical,1403.0,,,"(1,1,1)",
Mexico,2015,Historical,1400.0,,,"(1,1,1)",
Mexico,2016,Historical,1457.0,,,"(1,1,1)",
Mexico,2017,Historical,1419.837039,,,"(1,1,1)",
Mexico,2018,Historical,1425.027939,,,"(1,1,1)",
Mexico,2019,Historical,1315.086513,,,"(1,1,1)",
Mexico,2020,Historical,1335.857158,,,"(1,1,1)",
Mexico,2021,Historical,1261.213745,,,"(1,1,1)",
Mexico,2022,Historical,1210.102652,,,"(1,1,1)",
Mexico,2023,Historical,1277.747281,,,"(1,1,1)",
Mexico,2024,Historical,1070.873251,,,"(1,1,1)",
Mexico,2025,Forecast,1183.980473753964,1038.2362518022762,1329.7246957056516,"(1,1,1)",12.75
Mexico,2026,Forecast,1111.4185918562675,950.0898412052519,1272.747342507283,"(1,1,1)",12.75
Mexico,2027,Forecast,1157.9693476465357,957.9161074840247,1358.0225878090466,"(1,1,1)",12.75
Mexico,2028,Forecast,1128.1055567969495,910.0388864339822,1346.1722271599167,"(1,1,1)",12.75
Mexico,2029,Forecast,1147.2641287420752,904.3599795743146,1390.1682779098358,"(1,1,1)",12.75
Mexico,2030,Forecast,1134.973295310202,874.503444530362,1395.443146090042,"(1,1,1)",12.75
Mexico,2031,Forecast,1142.8582559890422,863.0000688936109,1422.7164430844734,"(1,1,1)",12.75
Netherlands,1971,Historical,697.0,,,"(2,1,1)",
Netherlands,1972,Historical,763.0,,,"(2,1,1)",
Netherlands,1973,Historical,853.0,,,"(2,1,1)",
Netherlands,1974,Historical,804.0,,,"(2,1,1)",
Netherlands,1975,Historical,680.0,,,"(2,1,1)",
Netherlands,1976,Historical,741.0,,,"(2,1,1)",
Netherlands,1977,Historical,671.0,,,"(2,1,1)",
Netherlands,1978,Historical,663.0,,,"(2,1,1)",
Netherlands,1979,Historical,795.0,,,"(2,1,1)",
Netherlands,1980,Historical,861.0,,,"(2,1,1)",
Netherlands,1981,Historical,845.0,,,"(2,1,1)",
Netherlands,1982,Historical,972.0,,,"(2,1,1)",
Netherlands,1983,Historical,1079.0,,,"(2,1,1)",
Netherlands,1984,Historical,1096.0,,,"(2,1,1)",
Netherlands,1985,Historical,1111.0,,,"(2,1,1)",
Netherlands,1986,Historical,1217.0,,,"(2,1,1)",
Netherlands,1987,Historical,1206.0,,,"(2,1,1)",
Netherlands,1988,Historical,1178.0,,,"(2,1,1)",
Netherlands,1989,Historical,1265.0,,,"(2,1,1)",
Netherlands,1990,Historical,1231.0,,,"(2,1,1)",
Netherlands,1991,Historical,1203.0,,,"(2,1,1)",
Netherlands,1992,Historical,1130.0,,,"(2,1,1)",
Netherlands,1993,Historical,1175.0,,,"(2,1,1)",
Netherlands,1994,Historical,1127.0,,,"(2,1,1)",
Netherlands,1995,Historical,1175.0,,,"(2,1,1)",
Netherlands,1996,Historical,1177.0,,,"(2,1,1)",
Netherlands,1997,Historical,1244.0,,,"(2,1,1)",
Netherlands,1998,Historical,1217.0,,,"(2,1,1)",
Netherlands,1999,Historical,1212.0,,,"(2,1,1)",
Netherlands,2000,Historical,1295.0,,,"(2,1,1)",
Netherlands,2001,Historical,1331.0,,,"(2,1,1)",
Netherlands,2002,Historical,1324.0,,,"(2,1,1)",
Netherlands,2003,Historical,1325.0,,,"(2,1,1)",
Netherlands,2004,Historical,1487.0,,,"(2,1,1)",
Netherlands,2005,Historical,1603.0,,,"(2,1,1)",
Netherlands,2006,Historical,1689.0,,,"(2,1,1)",
Netherlands,2007,Historical,1611.0,,,"(2,1,1)",
Netherlands,2008,Historical,1696.0,,,"(2,1,1)",
Netherlands,2009,Historical,1887.0,,,"(2,1,1)",
Netherlands,2010,Historical,2091.0,,,"(2,1,1)",
Netherlands,2011,Historical,2059.0,,,"(2,1,1)",
Netherlands,2012,Historical,2130.0,,,"(2,1,1)",
Netherlands,2013,Historical,2118.0,,,"(2,1,1)",
Netherlands,2014,Historical,2104.0,,,"(2,1,1)",
Netherlands,2015,Historical,2333.0,,,"(2,1,1)",
Netherlands,2016,Historical,2376.0,,,"(2,1,1)",
Netherlands,2017,Historical,2420.245688,,,"(2,1,1)",
Netherlands,2018,Historical,2408.239028,,,"(2,1,1)",
Netherlands,2019,Historical,2316.223545,,,"(2,1,1)",
Netherlands,2020,Historical,1951.873364,,,"(2,1,1)",
Netherlands,2021,Historical,2293.214317,,,"(2,1,1)",
Netherlands,2022,Historical,2264.769631,,,"(2,1,1)",
Netherlands,2023,Historical,2236.847947,,,"(2,1,1)",
Netherlands,2024,Historical,2145.5258320000003,,,"(2,1,1)",
Netherlands,2025,Forecast,2201.9781713975804,1921.5966192446485,2482.359723550512,"(2,1,1)",13.09
Netherlands,2026,Forecast,2229.61136587993,1923.0620038604952,2536.1607278993647,"(2,1,1)",13.09
Netherlands,2027,Forecast,2235.9740579034865,1927.0122382976583,2544.9358775093147,"(2,1,1)",13.09
Netherlands,2028,Forecast,2236.4026829522327,1927.4505694762242,2545.354796428241,"(2,1,1)",13.09
Netherlands,2029,Forecast,2236.11278847483,1927.2930912549486,2544.932485694711,"(2,1,1)",13.09
Netherlands,2030,Forecast,2235.973742631157,1927.2029492948222,2544.744535967492,"(2,1,1)",13.09
Netherlands,2031,Forecast,2235.9421398249488,1927.1795673937172,2544.7047122561803,"(2,1,1)",13.09
Nigeria,1971,Historical,1499.0,,,"(2,1,1)",
Nigeria,1972,Historical,1784.0,,,"(2,1,1)",
Nigeria,1973,Historical,2013.0,,,"(2,1,1)",
Nigeria,1974,Historical,2213.0,,,"(2,1,1)",
Nigeria,1975,Historical,1742.0,,,"(2,1,1)",
Nigeria,1976,Historical,2025.0,,,"(2,1,1)",
Nigeria,1977,Historical,2061.0,,,"(2,1,1)",
Nigeria,1978,Historical,1846.0,,,"(2,1,1)",
Nigeria,1979,Historical,2219.0,,,"(2,1,1)",
Nigeria,1980,Historical,1943.0,,,"(2,1,1)",
Nigeria,1981,Historical,1296.0,,,"(2,1,1)",
Nigeria,1982,Historical,1125.0,,,"(2,1,1)",
Nigeria,1983,Historical,1085.0,,,"(2,1,1)",
Nigeria,1984,Historical,1229.0,,,"(2,1,1)",
Nigeria,1985,Historical,1343.0,,,"(2,1,1)",
Nigeria,1986,Historical,1335.0,,,"(2,1,1)",
Nigeria,1987,Historical,1170.0,,,"(2,1,1)",
Nigeria,1988,Historical,1292.0,,,"(2,1,1)",
Nigeria,1989,Historical,1541.0,,,"(2,1,1)",
Nigeria,1990,Historical,1579.0,,,"(2,1,1)",
Nigeria,1991,Historical,1635.0,,,"(2,1,1)",
Nigeria,1992,Historical,1691.0,,,"(2,1,1)",
Nigeria,1993,Historical,1750.0,,,"(2,1,1)",
Nigeria,1994,Historical,1850.0,,,"(2,1,1)",
Nigeria,1995,Historical,1866.0,,,"(2,1,1)",
Nigeria,1996,Historical,2051.0,,,"(2,1,1)",
Nigeria,1997,Historical,2241.0,,,"(2,1,1)",
Nigeria,1998,Historical,2084.0,,,"(2,1,1)",
Nigeria,1999,Historical,2090.0,,,"(2,1,1)",
Nigeria,2000,Historical,2322.0,,,"(2,1,1)",
Nigeria,2001,Historical,2330.0,,,"(2,1,1)",
Nigeria,2002,Historical,2009.0,,,"(2,1,1)",
Nigeria,2003,Historical,2355.0,,,"(2,1,1)",
Nigeria,2004,Historical,2609.0,,,"(2,1,1)",
Nigeria,2005,Historical,2552.0,,,"(2,1,1)",
Nigeria,2006,Historical,2476.0,,,"(2,1,1)",
Nigeria,2007,Historical,2414.0,,,"(2,1,1)",
Nigeria,2008,Historical,2203.0,,,"(2,1,1)",
Nigeria,2009,Historical,2287.0,,,"(2,1,1)",
Nigeria,2010,Historical,2602.0,,,"(2,1,1)",
Nigeria,2011,Historical,2493.0,,,"(2,1,1)",
Nigeria,2012,Historical,2516.0,,,"(2,1,1)",
Nigeria,2013,Historical,2197.0,,,"(2,1,1)",
Nigeria,2014,Historical,2226.0,,,"(2,1,1)",
Nigeria,2015,Historical,2207.0,,,"(2,1,1)",
Nigeria,2016,Historical,1841.0,,,"(2,1,1)",
Nigeria,2017,Historical,1872.8107029999999,,,"(2,1,1)",
Nigeria,2018,Historical,1945.6993360000001,,,"(2,1,1)",
Nigeria,2019,Historical,2076.262021,,,"(2,1,1)",
Nigeria,2020,Historical,1597.95777,,,"(2,1,1)",
Nigeria,2021,Historical,1347.87292,,,"(2,1,1)",
Nigeria,2022,Historical,1191.00871,,,"(2,1,1)",
Nigeria,2023,Historical,1318.65565,,,"(2,1,1)",
Nigeria,2024,Historical,929.7028735999484,,,"(2,1,1)",
Nigeria,2025,Forecast,884.2804049309647,433.989471919159,1334.5713379427702,"(2,1,1)",20.31
Nigeria,2026,Forecast,817.5171771286196,183.26318661222035,1451.7711676450187,"(2,1,1)",20.31
Nigeria,2027,Forecast,752.288548687032,-37.41001091615874,1541.9871082902227,"(2,1,1)",20.31
Nigeria,2028,Forecast,687.1597733264775,-243.05703607662076,1617.3765827295758,"(2,1,1)",20.31
Nigeria,2029,Forecast,622.220249935213,-439.6356080065092,1684.076107876935,"(2,1,1)",20.31
Nigeria,2030,Forecast,557.4638213314377,-630.1529732712452,1745.0806159341205,"(2,1,1)",20.31
Nigeria,2031,Forecast,492.8903228658301,-816.3472696181702,1802.1279153498303,"(2,1,1)",20.31
Norway,1971,Historical,39.0,,,"(1,1,1)",
Norway,1972,Historical,77.0,,,"(1,1,1)",
Norway,1973,Historical,73.0,,,"(1,1,1)",
Norway,1974,Historical,81.0,,,"(1,1,1)",
Norway,1975,Historical,208.0,,,"(1,1,1)",
Norway,1976,Historical,324.0,,,"(1,1,1)",
Norway,1977,Historical,282.0,,,"(1,1,1)",
Norway,1978,Historical,360.0,,,"(1,1,1)",
Norway,1979,Historical,385.0,,,"(1,1,1)",
Norway,1980,Historical,458.0,,,"(1,1,1)",
Norway,1981,Historical,437.0,,,"(1,1,1)",
Norway,1982,Historical,443.0,,,"(1,1,1)",
Norway,1983,Historical,557.0,,,"(1,1,1)",
Norway,1984,Historical,647.0,,,"(1,1,1)",
Norway,1985,Historical,702.0,,,"(1,1,1)",
Norway,1986,Historical,787.0,,,"(1,1,1)",
Norway,1987,Historical,935.0,,,"(1,1,1)",
Norway,1988,Historical,1058.0,,,"(1,1,1)",
Norway,1989,Historical,1419.0,,,"(1,1,1)",
Norway,1990,Historical,1551.0,,,"(1,1,1)",
Norway,1991,Historical,1814.0,,,"(1,1,1)",
Norway,1992,Historical,2066.0,,,"(1,1,1)",
Norway,1993,Historical,2222.0,,,"(1,1,1)",
Norway,1994,Historical,2540.0,,,"(1,1,1)",
Norway,1995,Historical,2743.0,,,"(1,1,1)",
Norway,1996,Historical,3073.0,,,"(1,1,1)",
Norway,1997,Historical,3117.0,,,"(1,1,1)",
Norway,1998,Historical,2984.0,,,"(1,1,1)",
Norway,1999,Historical,2955.0,,,"(1,1,1)",
Norway,2000,Historical,3160.0,,,"(1,1,1)",
Norway,2001,Historical,3282.0,,,"(1,1,1)",
Norway,2002,Historical,3150.0,,,"(1,1,1)",
Norway,2003,Historical,3019.0,,,"(1,1,1)",
Norway,2004,Historical,2963.0,,,"(1,1,1)",
Norway,2005,Historical,2733.0,,,"(1,1,1)",
Norway,2006,Historical,2525.0,,,"(1,1,1)",
Norway,2007,Historical,2399.0,,,"(1,1,1)",
Norway,2008,Historical,2220.0,,,"(1,1,1)",
Norway,2009,Historical,2170.0,,,"(1,1,1)",
Norway,2010,Historical,1944.0,,,"(1,1,1)",
Norway,2011,Historical,1864.0,,,"(1,1,1)",
Norway,2012,Historical,1722.0,,,"(1,1,1)",
Norway,2013,Historical,1648.0,,,"(1,1,1)",
Norway,2014,Historical,1707.0,,,"(1,1,1)",
Norway,2015,Historical,1872.0,,,"(1,1,1)",
Norway,2016,Historical,1857.0,,,"(1,1,1)",
Norway,2017,Historical,1865.103846,,,"(1,1,1)",
Norway,2018,Historical,1763.734285,,,"(1,1,1)",
Norway,2019,Historical,1710.3172769999999,,,"(1,1,1)",
Norway,2020,Historical,1952.714841,,,"(1,1,1)",
Norway,2021,Historical,2022.826904,,,"(1,1,1)",
Norway,2022,Historical,1907.935528,,,"(1,1,1)",
Norway,2023,Historical,2032.919094,,,"(1,1,1)",
Norway,2024,Historical,1992.450811,,,"(1,1,1)",
Norway,2025,Forecast,1985.5455303170768,1772.084437006453,2199.0066236277003,"(1,1,1)",12.71
Norway,2026,Forecast,1982.7719272359332,1709.8902817700698,2255.6535727017963,"(1,1,1)",12.71
Norway,2027,Forecast,1981.657870558881,1669.036292807043,2294.279448310719,"(1,1,1)",12.71
Norway,2028,Forecast,1981.2103940298414,1636.3771377845023,2326.0436502751804,"(1,1,1)",12.71
Norway,2029,Forecast,1981.0306587900047,1607.8338604973226,2354.2274570826867,"(1,1,1)",12.71
Norway,2030,Forecast,1980.958465603675,1581.8092428161724,2380.1076883911774,"(1,1,1)",12.71
Norway,2031,Forecast,1980.9294681952804,1557.566869844582,2404.2920665459787,"(1,1,1)",12.71
Qatar,1971,Historical,427.0,,,"(2,1,1)",
Qatar,1972,Historical,480.0,,,"(2,1,1)",
Qatar,1973,Historical,571.0,,,"(2,1,1)",
Qatar,1974,Historical,512.0,,,"(2,1,1)",
Qatar,1975,Historical,436.0,,,"(2,1,1)",
Qatar,1976,Historical,498.0,,,"(2,1,1)",
Qatar,1977,Historical,430.0,,,"(2,1,1)",
Qatar,1978,Historical,484.0,,,"(2,1,1)",
Qatar,1979,Historical,494.0,,,"(2,1,1)",
Qatar,1980,Historical,468.0,,,"(2,1,1)",
Qatar,1981,Historical,404.0,,,"(2,1,1)",
Qatar,1982,Historical,337.0,,,"(2,1,1)",
Qatar,1983,Historical,289.0,,,"(2,1,1)",
Qatar,1984,Historical,386.0,,,"(2,1,1)",
Qatar,1985,Historical,317.0,,,"(2,1,1)",
Qatar,1986,Historical,358.0,,,"(2,1,1)",
Qatar,1987,Historical,306.0,,,"(2,1,1)",
Qatar,1988,Historical,351.0,,,"(2,1,1)",
Qatar,1989,Historical,417.0,,,"(2,1,1)",
Qatar,1990,Historical,425.0,,,"(2,1,1)",
Qatar,1991,Historical,422.0,,,"(2,1,1)",
Qatar,1992,Historical,464.0,,,"(2,1,1)",
Qatar,1993,Historical,438.0,,,"(2,1,1)",
Qatar,1994,Historical,431.0,,,"(2,1,1)",
Qatar,1995,Historical,430.0,,,"(2,1,1)",
Qatar,1996,Historical,473.0,,,"(2,1,1)",
Qatar,1997,Historical,556.0,,,"(2,1,1)",
Qatar,1998,Historical,676.0,,,"(2,1,1)",
Qatar,1999,Historical,729.0,,,"(2,1,1)",
Qatar,2000,Historical,808.0,,,"(2,1,1)",
Qatar,2001,Historical,834.0,,,"(2,1,1)",
Qatar,2002,Historical,752.0,,,"(2,1,1)",
Qatar,2003,Historical,894.0,,,"(2,1,1)",
Qatar,2004,Historical,968.0,,,"(2,1,1)",
Qatar,2005,Historical,998.0,,,"(2,1,1)",
Qatar,2006,Historical,1065.0,,,"(2,1,1)",
Qatar,2007,Historical,1144.0,,,"(2,1,1)",
Qatar,2008,Historical,1346.0,,,"(2,1,1)",
Qatar,2009,Historical,1342.0,,,"(2,1,1)",
Qatar,2010,Historical,1514.0,,,"(2,1,1)",
Qatar,2011,Historical,1704.0,,,"(2,1,1)",
Qatar,2012,Historical,1758.0,,,"(2,1,1)",
Qatar,2013,Historical,1791.0,,,"(2,1,1)",
Qatar,2014,Historical,1815.0,,,"(2,1,1)",
Qatar,2015,Historical,1800.0,,,"(2,1,1)",
Qatar,2016,Historical,1761.0,,,"(2,1,1)",
Qatar,2017,Historical,1629.234596,,,"(2,1,1)",
Qatar,2018,Historical,1619.406877,,,"(2,1,1)",
Qatar,2019,Historical,1490.059833,,,"(2,1,1)",
Qatar,2020,Historical,1520.111816,,,"(2,1,1)",
Qatar,2021,Historical,1523.485333,,,"(2,1,1)",
Qatar,2022,Historical,1368.687246,,,"(2,1,1)",
Qatar,2023,Historical,1457.338471,,,"(2,1,1)",
Qatar,2024,Historical,1406.8763516000035,,,"(2,1,1)",
Qatar,2025,Forecast,1385.9695689806124,1250.1395196410558,1521.799618320169,"(2,1,1)",11.97
Qatar,2026,Forecast,1352.9706588548963,1190.1814378450517,1515.759879864741,"(2,1,1)",11.97
Qatar,2027,Forecast,1324.9226665482067,1123.93135380079,1525.9139792956234,"(2,1,1)",11.97
Qatar,2028,Forecast,1294.8512081893984,1063.3461320341723,1526.3562843446246,"(2,1,1)",11.97
Qatar,2029,Forecast,1265.6103527359044,1002.8335819901249,1528.3871234816838,"(2,1,1)",11.97
Qatar,2030,Forecast,1236.0321531245024,943.6325248336113,1528.4317814153935,"(2,1,1)",11.97
Qatar,2031,Forecast,1206.5945584622714,884.900000831989,1528.2891160925537,"(2,1,1)",11.97
Russia,1971,Historical,0.0,,,"(1,1,1)",
Russia,1972,Historical,0.0,,,"(1,1,1)",
Russia,1973,Historical,0.0,,,"(1,1,1)",
Russia,1974,Historical,0.0,,,"(1,1,1)",
Russia,1975,Historical,0.0,,,"(1,1,1)",
Russia,1976,Historical,0.0,,,"(1,1,1)",
Russia,1977,Historical,0.0,,,"(1,1,1)",
Russia,1978,Historical,0.0,,,"(1,1,1)",
Russia,1979,Historical,0.0,,,"(1,1,1)",
Russia,1980,Historical,0.0,,,"(1,1,1)",
Russia,1981,Historical,0.0,,,"(1,1,1)",
Russia,1982,Historical,0.0,,,"(1,1,1)",
Russia,1983,Historical,0.0,,,"(1,1,1)",
Russia,1984,Historical,0.0,,,"(1,1,1)",
Russia,1985,Historical,0.0,,,"(1,1,1)",
Russia,1986,Historical,0.0,,,"(1,1,1)",
Russia,1987,Historical,0.0,,,"(1,1,1)",
Russia,1988,Historical,0.0,,,"(1,1,1)",
Russia,1989,Historical,0.0,,,"(1,1,1)",
Russia,1990,Historical,5781.0,,,"(1,1,1)",
Russia,1991,Historical,4614.0,,,"(1,1,1)",
Russia,1992,Historical,3723.0,,,"(1,1,1)",
Russia,1993,Historical,3430.0,,,"(1,1,1)",
Russia,1994,Historical,3445.0,,,"(1,1,1)",
Russia,1995,Historical,3375.0,,,"(1,1,1)",
Russia,1996,Historical,3607.0,,,"(1,1,1)",
Russia,1997,Historical,3686.0,,,"(1,1,1)",
Russia,1998,Historical,3774.0,,,"(1,1,1)",
Russia,1999,Historical,3666.0,,,"(1,1,1)",
Russia,2000,Historical,3961.0,,,"(1,1,1)",
Russia,2001,Historical,4367.0,,,"(1,1,1)",
Russia,2002,Historical,5106.0,,,"(1,1,1)",
Russia,2003,Historical,5904.0,,,"(1,1,1)",
Russia,2004,Historical,6579.0,,,"(1,1,1)",
Russia,2005,Historical,6735.0,,,"(1,1,1)",
Russia,2006,Historical,6729.0,,,"(1,1,1)",
Russia,2007,Historical,7061.0,,,"(1,1,1)",
Russia,2008,Historical,6781.0,,,"(1,1,1)",
Russia,2009,Historical,7001.0,,,"(1,1,1)",
Russia,2010,Historical,7213.0,,,"(1,1,1)",
Russia,2011,Historical,7309.0,,,"(1,1,1)",
Russia,2012,Historical,7288.0,,,"(1,1,1)",
Russia,2013,Historical,7414.0,,,"(1,1,1)",
Russia,2014,Historical,7200.0,,,"(1,1,1)",
Russia,2015,Historical,7703.0,,,"(1,1,1)",
Russia,2016,Historical,7670.0,,,"(1,1,1)",
Russia,2017,Historical,7711.94558,,,"(1,1,1)",
Russia,2018,Historical,7931.23523,,,"(1,1,1)",
Russia,2019,Historical,8103.86878,,,"(1,1,1)",
Russia,2020,Historical,7245.8012,,,"(1,1,1)",
Russia,2021,Historical,7200.8549,,,"(1,1,1)",
Russia,2022,Historical,7456.01978,,,"(1,1,1)",
Russia,2023,Historical,7574.37393,,,"(1,1,1)",
Russia,2024,Historical,7261.552381999936,,,"(1,1,1)",
Russia,2025,Forecast,7318.57789693732,6680.520686924613,7956.635106950026,"(1,1,1)",11.47
Russia,2026,Forecast,7326.181996829403,6519.398368876228,8132.965624782578,"(1,1,1)",11.47
Russia,2027,Forecast,7327.195969876946,6391.220449956888,8263.171489797003,"(1,1,1)",11.47
Russia,2028,Forecast,7327.3311786926815,6279.107952054637,8375.554405330726,"(1,1,1)",11.47
Russia,2029,Forecast,7327.349208189517,6177.927246994593,8476.771169384443,"(1,1,1)",11.47
Russia,2030,Forecast,7327.351612343081,6084.96410259725,8569.739122088913,"(1,1,1)",11.47
Russia,2031,Forecast,7327.351932926313,5998.488935478287,8656.214930374339,"(1,1,1)",11.47
Saudi Arabia,1971,Historical,4516.0,,,"(2,1,2)",
Saudi Arabia,1972,Historical,5750.0,,,"(2,1,2)",
Saudi Arabia,1973,Historical,7353.0,,,"(2,1,2)",
Saudi Arabia,1974,Historical,8265.0,,,"(2,1,2)",
Saudi Arabia,1975,Historical,6965.0,,,"(2,1,2)",
Saudi Arabia,1976,Historical,8487.0,,,"(2,1,2)",
Saudi Arabia,1977,Historical,9121.0,,,"(2,1,2)",
Saudi Arabia,1978,Historical,8227.0,,,"(2,1,2)",
Saudi Arabia,1979,Historical,9473.0,,,"(2,1,2)",
Saudi Arabia,1980,Historical,9844.0,,,"(2,1,2)",
Saudi Arabia,1981,Historical,9739.0,,,"(2,1,2)",
Saudi Arabia,1982,Historical,6287.0,,,"(2,1,2)",
Saudi Arabia,1983,Historical,4657.0,,,"(2,1,2)",
Saudi Arabia,1984,Historical,4337.0,,,"(2,1,2)",
Saudi Arabia,1985,Historical,2963.0,,,"(2,1,2)",
Saudi Arabia,1986,Historical,4687.0,,,"(2,1,2)",
Saudi Arabia,1987,Historical,3783.0,,,"(2,1,2)",
Saudi Arabia,1988,Historical,4604.0,,,"(2,1,2)",
Saudi Arabia,1989,Historical,4722.0,,,"(2,1,2)",
Saudi Arabia,1990,Historical,6207.0,,,"(2,1,2)",
Saudi Arabia,1991,Historical,7894.0,,,"(2,1,2)",
Saudi Arabia,1992,Historical,7953.0,,,"(2,1,2)",
Saudi Arabia,1993,Historical,7803.0,,,"(2,1,2)",
Saudi Arabia,1994,Historical,7548.0,,,"(2,1,2)",
Saudi Arabia,1995,Historical,7606.0,,,"(2,1,2)",
Saudi Arabia,1996,Historical,7572.0,,,"(2,1,2)",
Saudi Arabia,1997,Historical,7577.0,,,"(2,1,2)",
Saudi Arabia,1998,Historical,7740.0,,,"(2,1,2)",
Saudi Arabia,1999,Historical,6990.0,,,"(2,1,2)",
Saudi Arabia,2000,Historical,7379.0,,,"(2,1,2)",
Saudi Arabia,2001,Historical,7105.0,,,"(2,1,2)",
Saudi Arabia,2002,Historical,6265.0,,,"(2,1,2)",
Saudi Arabia,2003,Historical,7678.0,,,"(2,1,2)",
Saudi Arabia,2004,Historical,8320.0,,,"(2,1,2)",
Saudi Arabia,2005,Historical,8821.0,,,"(2,1,2)",
Saudi Arabia,2006,Historical,8515.0,,,"(2,1,2)",
Saudi Arabia,2007,Historical,8000.0,,,"(2,1,2)",
Saudi Arabia,2008,Historical,8295.0,,,"(2,1,2)",
Saudi Arabia,2009,Historical,7087.0,,,"(2,1,2)",
Saudi Arabia,2010,Historical,6921.0,,,"(2,1,2)",
Saudi Arabia,2011,Historical,8052.0,,,"(2,1,2)",
Saudi Arabia,2012,Historical,8524.0,,,"(2,1,2)",
Saudi Arabia,2013,Historical,8568.0,,,"(2,1,2)",
Saudi Arabia,2014,Historical,8297.0,,,"(2,1,2)",
Saudi Arabia,2015,Historical,8779.0,,,"(2,1,2)",
Saudi Arabia,2016,Historical,9376.0,,,"(2,1,2)",
Saudi Arabia,2017,Historical,8671.79844,,,"(2,1,2)",
Saudi Arabia,2018,Historical,9573.80082,,,"(2,1,2)",
Saudi Arabia,2019,Historical,8592.18671,,,"(2,1,2)",
Saudi Arabia,2020,Historical,7975.27381,,,"(2,1,2)",
Saudi Arabia,2021,Historical,7772.37263,,,"(2,1,2)",
Saudi Arabia,2022,Historical,9069.52849,,,"(2,1,2)",
Saudi Arabia,2023,Historical,8147.58108,,,"(2,1,2)",
Saudi Arabia,2024,Historical,8372.9015699999,,,"(2,1,2)",
Saudi Arabia,2025,Forecast,8282.32885171086,6990.602551317608,9574.05515210411,"(2,1,2)",14.64
Saudi Arabia,2026,Forecast,8213.53875826699,6550.9157861161,9876.16173041788,"(2,1,2)",14.64
Saudi Arabia,2027,Forecast,8161.026264031759,6290.840893373785,10031.211634689733,"(2,1,2)",14.64
Saudi Arabia,2028,Forecast,8121.20656586655,6121.90949457301,10120.503637160089,"(2,1,2)",14.64
Saudi Arabia,2029,Forecast,8090.745539573731,6006.597339622742,10174.89373952472,"(2,1,2)",14.64
Saudi Arabia,2030,Forecast,8067.7108119844215,5925.814482129426,10209.607141839417,"(2,1,2)",14.64
Saudi Arabia,2031,Forecast,8050.026043608114,5867.787458579962,10232.264628636267,"(2,1,2)",14.64
Singapore,1971,Historical,308.0,,,"(2,1,1)",
Singapore,1972,Historical,325.0,,,"(2,1,1)",
Singapore,1973,Historical,337.0,,,"(2,1,1)",
Singapore,1974,Historical,370.0,,,"(2,1,1)",
Singapore,1975,Historical,300.0,,,"(2,1,1)",
Singapore,1976,Historical,336.0,,,"(2,1,1)",
Singapore,1977,Historical,410.0,,,"(2,1,1)",
Singapore,1978,Historical,403.0,,,"(2,1,1)",
Singapore,1979,Historical,449.0,,,"(2,1,1)",
Singapore,1980,Historical,575.0,,,"(2,1,1)",
Singapore,1981,Historical,667.0,,,"(2,1,1)",
Singapore,1982,Historical,740.0,,,"(2,1,1)",
Singapore,1983,Historical,754.0,,,"(2,1,1)",
Singapore,1984,Historical,618.0,,,"(2,1,1)",
Singapore,1985,Historical,586.0,,,"(2,1,1)",
Singapore,1986,Historical,584.0,,,"(2,1,1)",
Singapore,1987,Historical,583.0,,,"(2,1,1)",
Singapore,1988,Historical,655.0,,,"(2,1,1)",
Singapore,1989,Historical,677.0,,,"(2,1,1)",
Singapore,1990,Historical,740.0,,,"(2,1,1)",
Singapore,1991,Historical,755.0,,,"(2,1,1)",
Singapore,1992,Historical,813.0,,,"(2,1,1)",
Singapore,1993,Historical,880.0,,,"(2,1,1)",
Singapore,1994,Historical,961.0,,,"(2,1,1)",
Singapore,1995,Historical,981.0,,,"(2,1,1)",
Singapore,1996,Historical,1046.0,,,"(2,1,1)",
Singapore,1997,Historical,973.0,,,"(2,1,1)",
Singapore,1998,Historical,969.0,,,"(2,1,1)",
Singapore,1999,Historical,940.0,,,"(2,1,1)",
Singapore,2000,Historical,845.0,,,"(2,1,1)",
Singapore,2001,Historical,840.0,,,"(2,1,1)",
Singapore,2002,Historical,907.0,,,"(2,1,1)",
Singapore,2003,Historical,980.0,,,"(2,1,1)",
Singapore,2004,Historical,1082.0,,,"(2,1,1)",
Singapore,2005,Historical,1287.0,,,"(2,1,1)",
Singapore,2006,Historical,1341.0,,,"(2,1,1)",
Singapore,2007,Historical,1439.0,,,"(2,1,1)",
Singapore,2008,Historical,1562.0,,,"(2,1,1)",
Singapore,2009,Historical,1665.0,,,"(2,1,1)",
Singapore,2010,Historical,1768.0,,,"(2,1,1)",
Singapore,2011,Historical,1882.0,,,"(2,1,1)",
Singapore,2012,Historical,1688.0,,,"(2,1,1)",
Singapore,2013,Historical,1696.0,,,"(2,1,1)",
Singapore,2014,Historical,1716.0,,,"(2,1,1)",
Singapore,2015,Historical,1820.0,,,"(2,1,1)",
Singapore,2016,Historical,1955.0,,,"(2,1,1)",
Singapore,2017,Historical,2027.517243,,,"(2,1,1)",
Singapore,2018,Historical,1695.492058,,,"(2,1,1)",
Singapore,2019,Historical,1703.946753,,,"(2,1,1)",
Singapore,2020,Historical,1481.3360890000001,,,"(2,1,1)",
Singapore,2021,Historical,1454.8087540000001,,,"(2,1,1)",
Singapore,2022,Historical,1417.104185,,,"(2,1,1)",
Singapore,2023,Historical,1537.546511,,,"(2,1,1)",
Singapore,2024,Historical,1399.8387419999926,,,"(2,1,1)",
Singapore,2025,Forecast,1452.6379133886824,1203.04977438281,1702.2260523945547,"(2,1,1)",13.8
Singapore,2026,Forecast,1381.0477999800014,1001.7551057789376,1760.3404941810652,"(2,1,1)",13.8
Singapore,2027,Forecast,1448.449190951863,956.700984777498,1940.1973971262282,"(2,1,1)",13.8
Singapore,2028,Forecast,1380.144253862945,804.3009867270916,1955.9875209987986,"(2,1,1)",13.8
Singapore,2029,Forecast,1448.2243048458668,791.3350863214074,2105.113523370326,"(2,1,1)",13.8
Singapore,2030,Forecast,1380.1190736729543,657.8319465828124,2102.4062007630964,"(2,1,1)",13.8
Singapore,2031,Forecast,1448.1940780014934,659.7142816571412,2236.6738743458454,"(2,1,1)",13.8
UAE,1971,Historical,1022.0,,,"(2,1,1)",
UAE,1972,Historical,1157.0,,,"(2,1,1)",
UAE,1973,Historical,1478.0,,,"(2,1,1)",
UAE,1974,Historical,1619.0,,,"(2,1,1)",
UAE,1975,Historical,1635.0,,,"(2,1,1)",
UAE,1976,Historical,1873.0,,,"(2,1,1)",
UAE,1977,Historical,1930.0,,,"(2,1,1)",
UAE,1978,Historical,1770.0,,,"(2,1,1)",
UAE,1979,Historical,1780.0,,,"(2,1,1)",
UAE,1980,Historical,1645.0,,,"(2,1,1)",
UAE,1981,Historical,1446.0,,,"(2,1,1)",
UAE,1982,Historical,1191.0,,,"(2,1,1)",
UAE,1983,Historical,1136.0,,,"(2,1,1)",
UAE,1984,Historical,1033.0,,,"(2,1,1)",
UAE,1985,Historical,970.0,,,"(2,1,1)",
UAE,1986,Historical,1122.0,,,"(2,1,1)",
UAE,1987,Historical,1234.0,,,"(2,1,1)",
UAE,1988,Historical,1289.0,,,"(2,1,1)",
UAE,1989,Historical,1604.0,,,"(2,1,1)",
UAE,1990,Historical,1790.0,,,"(2,1,1)",
UAE,1991,Historical,2072.0,,,"(2,1,1)",
UAE,1992,Historical,2227.0,,,"(2,1,1)",
UAE,1993,Historical,2162.0,,,"(2,1,1)",
UAE,1994,Historical,2129.0,,,"(2,1,1)",
UAE,1995,Historical,2135.0,,,"(2,1,1)",
UAE,1996,Historical,2117.0,,,"(2,1,1)",
UAE,1997,Historical,2250.0,,,"(2,1,1)",
UAE,1998,Historical,2324.0,,,"(2,1,1)",
UAE,1999,Historical,2181.0,,,"(2,1,1)",
UAE,2000,Historical,2487.0,,,"(2,1,1)",
UAE,2001,Historical,2216.0,,,"(2,1,1)",
UAE,2002,Historical,2097.0,,,"(2,1,1)",
UAE,2003,Historical,2436.0,,,"(2,1,1)",
UAE,2004,Historical,2647.0,,,"(2,1,1)",
UAE,2005,Historical,2735.0,,,"(2,1,1)",
UAE,2006,Historical,2852.0,,,"(2,1,1)",
UAE,2007,Historical,2806.0,,,"(2,1,1)",
UAE,2008,Historical,2863.0,,,"(2,1,1)",
UAE,2009,Historical,2543.0,,,"(2,1,1)",
UAE,2010,Historical,2767.0,,,"(2,1,1)",
UAE,2011,Historical,3185.0,,,"(2,1,1)",
UAE,2012,Historical,3332.0,,,"(2,1,1)",
UAE,2013,Historical,3550.0,,,"(2,1,1)",
UAE,2014,Historical,3177.0,,,"(2,1,1)",
UAE,2015,Historical,3356.0,,,"(2,1,1)",
UAE,2016,Historical,3321.0,,,"(2,1,1)",
UAE,2017,Historical,3338.3654939999997,,,"(2,1,1)",
UAE,2018,Historical,3276.524464,,,"(2,1,1)",
UAE,2019,Historical,3447.86287,,,"(2,1,1)",
UAE,2020,Historical,3493.0271999999995,,,"(2,1,1)",
UAE,2021,Historical,3468.69089,,,"(2,1,1)",
UAE,2022,Historical,3884.0675899999997,,,"(2,1,1)",
UAE,2023,Historical,3808.14497,,,"(2,1,1)",
UAE,2024,Historical,3953.8400810000603,,,"(2,1,1)",
UAE,2025,Forecast,3943.569722416287,3626.0031433301806,4261.136301502393,"(2,1,1)",11.59
UAE,2026,Forecast,4028.9734360633133,3670.508386189198,4387.438485937429,"(2,1,1)",11.59
UAE,2027,Forecast,4033.202906574799,3541.3182687733733,4525.087544376224,"(2,1,1)",11.59
UAE,2028,Forecast,4084.505591515614,3524.5895912994106,4644.421591731818,"(2,1,1)",11.59
UAE,2029,Forecast,4093.2306676066237,3427.279229441223,4759.182105772024,"(2,1,1)",11.59
UAE,2030,Forecast,4124.797164303822,3381.3159952748038,4868.27833333284,"(2,1,1)",11.59
UAE,2031,Forecast,4133.806940454276,3297.8091678606015,4969.80471304795,"(2,1,1)",11.59
UK,1971,Historical,371.0,,,"(1,1,1)",
UK,1972,Historical,390.0,,,"(1,1,1)",
UK,1973,Historical,413.0,,,"(1,1,1)",
UK,1974,Historical,324.0,,,"(1,1,1)",
UK,1975,Historical,311.0,,,"(1,1,1)",
UK,1976,Historical,407.0,,,"(1,1,1)",
UK,1977,Historical,631.0,,,"(1,1,1)",
UK,1978,Historical,784.0,,,"(1,1,1)",
UK,1979,Historical,1088.0,,,"(1,1,1)",
UK,1980,Historical,1097.0,,,"(1,1,1)",
UK,1981,Historical,1310.0,,,"(1,1,1)",
UK,1982,Historical,1517.0,,,"(1,1,1)",
UK,1983,Historical,1704.0,,,"(1,1,1)",
UK,1984,Historical,1903.0,,,"(1,1,1)",
UK,1985,Historical,2009.0,,,"(1,1,1)",
UK,1986,Historical,2111.0,,,"(1,1,1)",
UK,1987,Historical,2013.0,,,"(1,1,1)",
UK,1988,Historical,1826.0,,,"(1,1,1)",
UK,1989,Historical,1410.0,,,"(1,1,1)",
UK,1990,Historical,1515.0,,,"(1,1,1)",
UK,1991,Historical,1529.0,,,"(1,1,1)",
UK,1992,Historical,1596.0,,,"(1,1,1)",
UK,1993,Historical,1792.0,,,"(1,1,1)",
UK,1994,Historical,2167.0,,,"(1,1,1)",
UK,1995,Historical,2190.0,,,"(1,1,1)",
UK,1996,Historical,2161.0,,,"(1,1,1)",
UK,1997,Historical,2185.0,,,"(1,1,1)",
UK,1998,Historical,2243.0,,,"(1,1,1)",
UK,1999,Historical,2332.0,,,"(1,1,1)",
UK,2000,Historical,2326.0,,,"(1,1,1)",
UK,2001,Historical,2175.0,,,"(1,1,1)",
UK,2002,Historical,2283.0,,,"(1,1,1)",
UK,2003,Historical,2026.0,,,"(1,1,1)",
UK,2004,Historical,1957.0,,,"(1,1,1)",
UK,2005,Historical,1745.0,,,"(1,1,1)",
UK,2006,Historical,1644.0,,,"(1,1,1)",
UK,2007,Historical,1687.0,,,"(1,1,1)",
UK,2008,Historical,1598.0,,,"(1,1,1)",
UK,2009,Historical,1471.0,,,"(1,1,1)",
UK,2010,Historical,1420.0,,,"(1,1,1)",
UK,2011,Historical,1279.0,,,"(1,1,1)",
UK,2012,Historical,1270.0,,,"(1,1,1)",
UK,2013,Historical,1258.0,,,"(1,1,1)",
UK,2014,Historical,1124.0,,,"(1,1,1)",
UK,2015,Historical,1190.0,,,"(1,1,1)",
UK,2016,Historical,1247.0,,,"(1,1,1)",
UK,2017,Historical,1300.36751,,,"(1,1,1)",
UK,2018,Historical,1403.175997,,,"(1,1,1)",
UK,2019,Historical,1373.842986,,,"(1,1,1)",
UK,2020,Historical,1215.463498,,,"(1,1,1)",
UK,2021,Historical,1107.664274,,,"(1,1,1)",
UK,2022,Historical,1087.8521369999999,,,"(1,1,1)",
UK,2023,Historical,976.279672,,,"(1,1,1)",
UK,2024,Historical,952.185437,,,"(1,1,1)",
UK,2025,Forecast,1000.5001332687867,853.9411939680829,1147.0590725694906,"(1,1,1)",13.9
UK,2026,Forecast,989.6008556752694,700.6399345556067,1278.561776794932,"(1,1,1)",13.9
UK,2027,Forecast,992.0596158711251,625.2498441432006,1358.8693875990496,"(1,1,1)",13.9
UK,2028,Forecast,991.5049459263647,557.9361651752997,1425.0737266774297,"(1,1,1)",13.9
UK,2029,Forecast,991.6300735204013,500.84253401276993,1482.4176130280327,"(1,1,1)",13.9
UK,2030,Forecast,991.601846076428,449.49028019898356,1533.7134119538725,"(1,1,1)",13.9
UK,2031,Forecast,991.6082138852188,402.651549745152,1580.5648780252855,"(1,1,1)",13.9
USA,1971,Historical,225.0,,,"(2,1,0)",
USA,1972,Historical,224.0,,,"(2,1,0)",
USA,1973,Historical,232.0,,,"(2,1,0)",
USA,1974,Historical,222.0,,,"(2,1,0)",
USA,1975,Historical,196.0,,,"(2,1,0)",
USA,1976,Historical,204.0,,,"(2,1,0)",
USA,1977,Historical,252.0,,,"(2,1,0)",
USA,1978,Historical,273.0,,,"(2,1,0)",
USA,1979,Historical,308.0,,,"(2,1,0)",
USA,1980,Historical,319.0,,,"(2,1,0)",
USA,1981,Historical,368.0,,,"(2,1,0)",
USA,1982,Historical,623.0,,,"(2,1,0)",
USA,1983,Historical,581.0,,,"(2,1,0)",
USA,1984,Historical,548.0,,,"(2,1,0)",
USA,1985,Historical,593.0,,,"(2,1,0)",
USA,1986,Historical,656.0,,,"(2,1,0)",
USA,1987,Historical,648.0,,,"(2,1,0)",
USA,1988,Historical,680.0,,,"(2,1,0)",
USA,1989,Historical,736.0,,,"(2,1,0)",
USA,1990,Historical,781.0,,,"(2,1,0)",
USA,1991,Historical,893.0,,,"(2,1,0)",
USA,1992,Historical,860.0,,,"(2,1,0)",
USA,1993,Historical,907.0,,,"(2,1,0)",
USA,1994,Historical,849.0,,,"(2,1,0)",
USA,1995,Historical,842.0,,,"(2,1,0)",
USA,1996,Historical,925.0,,,"(2,1,0)",
USA,1997,Historical,1005.0,,,"(2,1,0)",
USA,1998,Historical,948.0,,,"(2,1,0)",
USA,1999,Historical,943.0,,,"(2,1,0)",
USA,2000,Historical,1039.0,,,"(2,1,0)",
USA,2001,Historical,980.0,,,"(2,1,0)",
USA,2002,Historical,1000.0,,,"(2,1,0)",
USA,2003,Historical,1047.0,,,"(2,1,0)",
USA,2004,Historical,1075.0,,,"(2,1,0)",
USA,2005,Historical,1187.0,,,"(2,1,0)",
USA,2006,Historical,1344.0,,,"(2,1,0)",
USA,2007,Historical,1468.0,,,"(2,1,0)",
USA,2008,Historical,1865.0,,,"(2,1,0)",
USA,2009,Historical,2043.0,,,"(2,1,0)",
USA,2010,Historical,2358.0,,,"(2,1,0)",
USA,2011,Historical,2807.0,,,"(2,1,0)",
USA,2012,Historical,2969.0,,,"(2,1,0)",
USA,2013,Historical,3243.0,,,"(2,1,0)",
USA,2014,Historical,4137.0,,,"(2,1,0)",
USA,2015,Historical,4679.0,,,"(2,1,0)",
USA,2016,Historical,5186.0,,,"(2,1,0)",
USA,2017,Historical,6276.880279999999,,,"(2,1,0)",
USA,2018,Historical,7527.12979,,,"(2,1,0)",
USA,2019,Historical,8452.77505,,,"(2,1,0)",
USA,2020,Historical,8416.9283,,,"(2,1,0)",
USA,2021,Historical,8479.81994,,,"(2,1,0)",
USA,2022,Historical,9455.564429999999,,,"(2,1,0)",
USA,2023,Historical,10109.87312,,,"(2,1,0)",
USA,2024,Historical,10388.96904,,,"(2,1,0)",
USA,2025,Forecast,10521.31601723999,9647.328744689858,11395.303289790121,"(2,1,0)",12.31
USA,2026,Forecast,10589.492554428729,8727.179527916243,12451.805580941214,"(2,1,0)",12.31
USA,2027,Forecast,10626.598067356084,7765.5987745916955,13487.597360120473,"(2,1,0)",12.31
USA,2028,Forecast,10647.462737613116,6846.1390749732145,14448.786400253017,"(2,1,0)",12.31
USA,2029,Forecast,10659.408925301848,5994.956143681932,15323.861706921765,"(2,1,0)",12.31
USA,2030,Forecast,10666.314872376066,5214.567659128302,16118.062085623831,"(2,1,0)",12.31
USA,2031,Forecast,10670.32717554316,4498.898647749295,16841.755703337025,"(2,1,0)",12.31
Venezuela,1971,Historical,3353.0,,,"(1,1,1)",
Venezuela,1972,Historical,3158.0,,,"(1,1,1)",
Venezuela,1973,Historical,3271.0,,,"(1,1,1)",
Venezuela,1974,Historical,2758.0,,,"(1,1,1)",
Venezuela,1975,Historical,2085.0,,,"(1,1,1)",
Venezuela,1976,Historical,2135.0,,,"(1,1,1)",
Venezuela,1977,Historical,1966.0,,,"(1,1,1)",
Venezuela,1978,Historical,1941.0,,,"(1,1,1)",
Venezuela,1979,Historical,2102.0,,,"(1,1,1)",
Venezuela,1980,Historical,1848.0,,,"(1,1,1)",
Venezuela,1981,Historical,1741.0,,,"(1,1,1)",
Venezuela,1982,Historical,1540.0,,,"(1,1,1)",
Venezuela,1983,Historical,1469.0,,,"(1,1,1)",
Venezuela,1984,Historical,1514.0,,,"(1,1,1)",
Venezuela,1985,Historical,1356.0,,,"(1,1,1)",
Venezuela,1986,Historical,1490.0,,,"(1,1,1)",
Venezuela,1987,Historical,1504.0,,,"(1,1,1)",
Venezuela,1988,Historical,1629.0,,,"(1,1,1)",
Venezuela,1989,Historical,1618.0,,,"(1,1,1)",
Venezuela,1990,Historical,1849.0,,,"(1,1,1)",
Venezuela,1991,Historical,2109.0,,,"(1,1,1)",
Venezuela,1992,Historical,1882.0,,,"(1,1,1)",
Venezuela,1993,Historical,2268.0,,,"(1,1,1)",
Venezuela,1994,Historical,2338.0,,,"(1,1,1)",
Venezuela,1995,Historical,2584.0,,,"(1,1,1)",
Venezuela,1996,Historical,2898.0,,,"(1,1,1)",
Venezuela,1997,Historical,3209.0,,,"(1,1,1)",
Venezuela,1998,Historical,3136.0,,,"(1,1,1)",
Venezuela,1999,Historical,2772.0,,,"(1,1,1)",
Venezuela,2000,Historical,2849.0,,,"(1,1,1)",
Venezuela,2001,Historical,2972.0,,,"(1,1,1)",
Venezuela,2002,Historical,2652.0,,,"(1,1,1)",
Venezuela,2003,Historical,2478.0,,,"(1,1,1)",
Venezuela,2004,Historical,2854.0,,,"(1,1,1)",
Venezuela,2005,Historical,2951.0,,,"(1,1,1)",
Venezuela,2006,Historical,2780.0,,,"(1,1,1)",
Venezuela,2007,Historical,2709.0,,,"(1,1,1)",
Venezuela,2008,Historical,2791.0,,,"(1,1,1)",
Venezuela,2009,Historical,2560.0,,,"(1,1,1)",
Venezuela,2010,Historical,2342.0,,,"(1,1,1)",
Venezuela,2011,Historical,2477.0,,,"(1,1,1)",
Venezuela,2012,Historical,2456.0,,,"(1,1,1)",
Venezuela,2013,Historical,2295.0,,,"(1,1,1)",
Venezuela,2014,Historical,2326.0,,,"(1,1,1)",
Venezuela,2015,Historical,2308.0,,,"(1,1,1)",
Venezuela,2016,Historical,2100.0,,,"(1,1,1)",
Venezuela,2017,Historical,1815.727658,,,"(1,1,1)",
Venezuela,2018,Historical,1491.856376,,,"(1,1,1)",
Venezuela,2019,Historical,1120.190734,,,"(1,1,1)",
Venezuela,2020,Historical,672.489052,,,"(1,1,1)",
Venezuela,2021,Historical,697.979869,,,"(1,1,1)",
Venezuela,2022,Historical,826.4123729999999,,,"(1,1,1)",
Venezuela,2023,Historical,879.413668,,,"(1,1,1)",
Venezuela,2024,Historical,741.0078958999802,,,"(1,1,1)",
Venezuela,2025,Forecast,613.7154252047495,310.7194656150107,916.7113847944884,"(1,1,1)",20.2
Venezuela,2026,Forecast,544.2740781344435,-97.47701233598275,1186.0251686048696,"(1,1,1)",20.2
Venezuela,2027,Forecast,506.39202072286264,-449.94672258433377,1462.7307640300592,"(1,1,1)",20.2
Venezuela,2028,Forecast,485.7263750480835,-752.9464321434277,1724.399182239595,"(1,1,1)",20.2
Venezuela,2029,Forecast,474.4527288858516,-1016.5236191048295,1965.429076876533,"(1,1,1)",20.2
Venezuela,2030,Forecast,468.30266225878677,-1249.5073843051368,2186.1127088227104,"(1,1,1)",20.2
Venezuela,2031,Forecast,464.9476412679693,-1458.7342218154436,2388.6295043513824,"(1,1,1)",20.2
