Country,Year,Type,Net_Trade,Net_CI_Low,Net_CI_High,Exports,Imports,ARIMA_Order,MAPE
Algeria,1971,Historical,8.0,,,8.0,0.0,"(1,1,1)",
Algeria,1972,Historical,13.0,,,13.0,0.0,"(1,1,1)",
Algeria,1973,Historical,69.0,,,69.0,0.0,"(1,1,1)",
Algeria,1974,Historical,52.0,,,52.0,0.0,"(1,1,1)",
Algeria,1975,Historical,59.0,,,59.0,0.0,"(1,1,1)",
Algeria,1976,Historical,48.0,,,48.0,0.0,"(1,1,1)",
Algeria,1977,Historical,32.0,,,32.0,0.0,"(1,1,1)",
Algeria,1978,Historical,42.0,,,42.0,0.0,"(1,1,1)",
Algeria,1979,Historical,51.0,,,51.0,0.0,"(1,1,1)",
Algeria,1980,Historical,149.0,,,149.0,0.0,"(1,1,1)",
Algeria,1981,Historical,219.0,,,219.0,0.0,"(1,1,1)",
Algeria,1982,Historical,323.0,,,323.0,0.0,"(1,1,1)",
Algeria,1983,Historical,270.0,,,270.0,0.0,"(1,1,1)",
Algeria,1984,Historical,320.0,,,320.0,0.0,"(1,1,1)",
Algeria,1985,Historical,317.0,,,317.0,0.0,"(1,1,1)",
Algeria,1986,Historical,379.0,,,379.0,0.0,"(1,1,1)",
Algeria,1987,Historical,379.0,,,379.0,0.0,"(1,1,1)",
Algeria,1988,Historical,408.0,,,408.0,0.0,"(1,1,1)",
Algeria,1989,Historical,376.0,,,376.0,0.0,"(1,1,1)",
Algeria,1990,Historical,395.0,,,395.0,0.0,"(1,1,1)",
Algeria,1991,Historical,380.0,,,380.0,0.0,"(1,1,1)",
Algeria,1992,Historical,389.0,,,389.0,0.0,"(1,1,1)",
Algeria,1993,Historical,382.0,,,382.0,0.0,"(1,1,1)",
Algeria,1994,Historical,376.0,,,376.0,0.0,"(1,1,1)",
Algeria,1995,Historical,384.0,,,384.0,0.0,"(1,1,1)",
Algeria,1996,Historical,381.0,,,381.0,0.0,"(1,1,1)",
Algeria,1997,Historical,455.0,,,455.0,0.0,"(1,1,1)",
Algeria,1998,Historical,450.0,,,450.0,0.0,"(1,1,1)",
Algeria,1999,Historical,488.0,,,488.0,0.0,"(1,1,1)",
Algeria,2000,Historical,523.0,,,523.0,0.0,"(1,1,1)",
Algeria,2001,Historical,543.0,,,543.0,0.0,"(1,1,1)",
Algeria,2002,Historical,508.0,,,508.0,0.0,"(1,1,1)",
Algeria,2003,Historical,504.0,,,504.0,0.0,"(1,1,1)",
Algeria,2004,Historical,427.0,,,427.0,0.0,"(1,1,1)",
Algeria,2005,Historical,429.0,,,429.0,0.0,"(1,1,1)",
Algeria,2006,Historical,421.0,,,421.0,0.0,"(1,1,1)",
Algeria,2007,Historical,441.0,,,441.0,0.0,"(1,1,1)",
Algeria,2008,Historical,450.0,,,450.0,0.0,"(1,1,1)",
Algeria,2009,Historical,443.0,,,443.0,0.0,"(1,1,1)",
Algeria,2010,Historical,491.0,,,491.0,0.0,"(1,1,1)",
Algeria,2011,Historical,479.0,,,479.0,0.0,"(1,1,1)",
Algeria,2012,Historical,438.0,,,438.0,0.0,"(1,1,1)",
Algeria,2013,Historical,443.0,,,443.0,0.0,"(1,1,1)",
Algeria,2014,Historical,586.0,,,586.0,0.0,"(1,1,1)",
Algeria,2015,Historical,589.0,,,589.0,0.0,"(1,1,1)",
Algeria,2016,Historical,571.0,,,571.0,0.0,"(1,1,1)",
Algeria,2017,Historical,555.79,,,555.79,0.0,"(1,1,1)",
Algeria,2018,Historical,519.17,,,519.17,0.0,"(1,1,1)",
Algeria,2019,Historical,494.91,,,494.91,0.0,"(1,1,1)",
Algeria,2020,Historical,489.39,,,489.39,0.0,"(1,1,1)",
Algeria,2021,Historical,479.77,,,479.77,0.0,"(1,1,1)",
Algeria,2022,Historical,493.62,,,493.62,0.0,"(1,1,1)",
Algeria,2023,Historical,500.68,,,500.68,0.0,"(1,1,1)",
Algeria,2024,Historical,496.4,,,496.4,0.0,"(1,1,1)",
Algeria,2025,Forecast,509.8,,,509.8,0.0,"(1,1,1)",14.49
Algeria,2026,Forecast,512.85,,,512.85,0.0,"(1,1,1)",14.49
Algeria,2027,Forecast,513.54,,,513.54,0.0,"(1,1,1)",14.49
Algeria,2028,Forecast,513.7,,,513.7,0.0,"(1,1,1)",14.49
Algeria,2029,Forecast,513.74,,,513.74,0.0,"(1,1,1)",14.49
Algeria,2030,Forecast,513.74,,,513.74,0.0,"(1,1,1)",14.49
Algeria,2031,Forecast,513.75,,,513.75,0.0,"(1,1,1)",14.49
Belgium,1971,Historical,198.0,,,198.0,0.0,"(2,1,1)",
Belgium,1972,Historical,266.0,,,266.0,0.0,"(2,1,1)",
Belgium,1973,Historical,294.0,,,294.0,0.0,"(2,1,1)",
Belgium,1974,Historical,222.0,,,222.0,0.0,"(2,1,1)",
Belgium,1975,Historical,258.0,,,258.0,0.0,"(2,1,1)",
Belgium,1976,Historical,286.0,,,286.0,0.0,"(2,1,1)",
Belgium,1977,Historical,365.0,,,365.0,0.0,"(2,1,1)",
Belgium,1978,Historical,313.0,,,313.0,0.0,"(2,1,1)",
Belgium,1979,Historical,311.0,,,311.0,0.0,"(2,1,1)",
Belgium,1980,Historical,365.0,,,365.0,0.0,"(2,1,1)",
Belgium,1981,Historical,351.0,,,351.0,0.0,"(2,1,1)",
Belgium,1982,Historical,313.0,,,313.0,0.0,"(2,1,1)",
Belgium,1983,Historical,328.0,,,328.0,0.0,"(2,1,1)",
Belgium,1984,Historical,321.0,,,321.0,0.0,"(2,1,1)",
Belgium,1985,Historical,263.0,,,263.0,0.0,"(2,1,1)",
Belgium,1986,Historical,329.0,,,329.0,0.0,"(2,1,1)",
Belgium,1987,Historical,329.0,,,329.0,0.0,"(2,1,1)",
Belgium,1988,Historical,297.0,,,297.0,0.0,"(2,1,1)",
Belgium,1989,Historical,329.0,,,329.0,0.0,"(2,1,1)",
Belgium,1990,Historical,343.0,,,343.0,0.0,"(2,1,1)",
Belgium,1991,Historical,362.0,,,362.0,0.0,"(2,1,1)",
Belgium,1992,Historical,359.0,,,359.0,0.0,"(2,1,1)",
Belgium,1993,Historical,342.0,,,342.0,0.0,"(2,1,1)",
Belgium,1994,Historical,341.0,,,341.0,0.0,"(2,1,1)",
Belgium,1995,Historical,325.0,,,325.0,0.0,"(2,1,1)",
Belgium,1996,Historical,370.0,,,370.0,0.0,"(2,1,1)",
Belgium,1997,Historical,366.0,,,366.0,0.0,"(2,1,1)",
Belgium,1998,Historical,383.0,,,383.0,0.0,"(2,1,1)",
Belgium,1999,Historical,396.0,,,396.0,0.0,"(2,1,1)",
Belgium,2000,Historical,408.0,,,408.0,0.0,"(2,1,1)",
Belgium,2001,Historical,403.0,,,403.0,0.0,"(2,1,1)",
Belgium,2002,Historical,416.0,,,416.0,0.0,"(2,1,1)",
Belgium,2003,Historical,421.0,,,421.0,0.0,"(2,1,1)",
Belgium,2004,Historical,457.0,,,457.0,0.0,"(2,1,1)",
Belgium,2005,Historical,463.0,,,463.0,0.0,"(2,1,1)",
Belgium,2006,Historical,443.0,,,443.0,0.0,"(2,1,1)",
Belgium,2007,Historical,441.0,,,441.0,0.0,"(2,1,1)",
Belgium,2008,Historical,439.0,,,439.0,0.0,"(2,1,1)",
Belgium,2009,Historical,424.0,,,424.0,0.0,"(2,1,1)",
Belgium,2010,Historical,422.0,,,422.0,0.0,"(2,1,1)",
Belgium,2011,Historical,440.0,,,440.0,0.0,"(2,1,1)",
Belgium,2012,Historical,491.0,,,491.0,0.0,"(2,1,1)",
Belgium,2013,Historical,509.0,,,509.0,0.0,"(2,1,1)",
Belgium,2014,Historical,544.0,,,544.0,0.0,"(2,1,1)",
Belgium,2015,Historical,533.0,,,533.0,0.0,"(2,1,1)",
Belgium,2016,Historical,556.0,,,556.0,0.0,"(2,1,1)",
Belgium,2017,Historical,653.08,,,653.08,0.0,"(2,1,1)",
Belgium,2018,Historical,625.1,,,625.1,0.0,"(2,1,1)",
Belgium,2019,Historical,621.61,,,621.61,0.0,"(2,1,1)",
Belgium,2020,Historical,508.59,,,508.59,0.0,"(2,1,1)",
Belgium,2021,Historical,561.01,,,561.01,0.0,"(2,1,1)",
Belgium,2022,Historical,521.91,,,521.91,0.0,"(2,1,1)",
Belgium,2023,Historical,567.16,,,567.16,0.0,"(2,1,1)",
Belgium,2024,Historical,576.74,,,576.74,0.0,"(2,1,1)",
Belgium,2025,Forecast,589.88,,,589.88,0.0,"(2,1,1)",13.92
Belgium,2026,Forecast,583.17,,,583.17,0.0,"(2,1,1)",13.92
Belgium,2027,Forecast,588.67,,,588.67,0.0,"(2,1,1)",13.92
Belgium,2028,Forecast,584.63,,,584.63,0.0,"(2,1,1)",13.92
Belgium,2029,Forecast,587.67,,,587.67,0.0,"(2,1,1)",13.92
Belgium,2030,Forecast,585.39,,,585.39,0.0,"(2,1,1)",13.92
Belgium,2031,Forecast,587.1,,,587.1,0.0,"(2,1,1)",13.92
Canada,1971,Historical,36.0,,,36.0,0.0,"(2,1,2)",
Canada,1972,Historical,93.0,,,93.0,0.0,"(2,1,2)",
Canada,1973,Historical,113.0,,,113.0,0.0,"(2,1,2)",
Canada,1974,Historical,107.0,,,107.0,0.0,"(2,1,2)",
Canada,1975,Historical,87.0,,,87.0,0.0,"(2,1,2)",
Canada,1976,Historical,57.0,,,57.0,0.0,"(2,1,2)",
Canada,1977,Historical,73.0,,,73.0,0.0,"(2,1,2)",
Canada,1978,Historical,132.0,,,132.0,0.0,"(2,1,2)",
Canada,1979,Historical,115.0,,,115.0,0.0,"(2,1,2)",
Canada,1980,Historical,129.0,,,129.0,0.0,"(2,1,2)",
Canada,1981,Historical,125.0,,,125.0,0.0,"(2,1,2)",
Canada,1982,Historical,93.0,,,93.0,0.0,"(2,1,2)",
Canada,1983,Historical,130.0,,,130.0,0.0,"(2,1,2)",
Canada,1984,Historical,142.0,,,142.0,0.0,"(2,1,2)",
Canada,1985,Historical,165.0,,,165.0,0.0,"(2,1,2)",
Canada,1986,Historical,151.0,,,151.0,0.0,"(2,1,2)",
Canada,1987,Historical,175.0,,,175.0,0.0,"(2,1,2)",
Canada,1988,Historical,238.0,,,238.0,0.0,"(2,1,2)",
Canada,1989,Historical,218.0,,,218.0,0.0,"(2,1,2)",
Canada,1990,Historical,243.0,,,243.0,0.0,"(2,1,2)",
Canada,1991,Historical,274.0,,,274.0,0.0,"(2,1,2)",
Canada,1992,Historical,240.0,,,240.0,0.0,"(2,1,2)",
Canada,1993,Historical,255.0,,,255.0,0.0,"(2,1,2)",
Canada,1994,Historical,237.0,,,237.0,0.0,"(2,1,2)",
Canada,1995,Historical,251.0,,,251.0,0.0,"(2,1,2)",
Canada,1996,Historical,293.0,,,293.0,0.0,"(2,1,2)",
Canada,1997,Historical,311.0,,,311.0,0.0,"(2,1,2)",
Canada,1998,Historical,292.0,,,292.0,0.0,"(2,1,2)",
Canada,1999,Historical,301.0,,,301.0,0.0,"(2,1,2)",
Canada,2000,Historical,303.0,,,303.0,0.0,"(2,1,2)",
Canada,2001,Historical,394.0,,,394.0,0.0,"(2,1,2)",
Canada,2002,Historical,424.0,,,424.0,0.0,"(2,1,2)",
Canada,2003,Historical,432.0,,,432.0,0.0,"(2,1,2)",
Canada,2004,Historical,446.0,,,446.0,0.0,"(2,1,2)",
Canada,2005,Historical,444.0,,,444.0,0.0,"(2,1,2)",
Canada,2006,Historical,423.0,,,423.0,0.0,"(2,1,2)",
Canada,2007,Historical,439.0,,,439.0,0.0,"(2,1,2)",
Canada,2008,Historical,440.0,,,440.0,0.0,"(2,1,2)",
Canada,2009,Historical,420.0,,,420.0,0.0,"(2,1,2)",
Canada,2010,Historical,419.0,,,419.0,0.0,"(2,1,2)",
Canada,2011,Historical,390.0,,,390.0,0.0,"(2,1,2)",
Canada,2012,Historical,469.0,,,469.0,0.0,"(2,1,2)",
Canada,2013,Historical,508.0,,,508.0,0.0,"(2,1,2)",
Canada,2014,Historical,463.0,,,463.0,0.0,"(2,1,2)",
Canada,2015,Historical,464.0,,,464.0,0.0,"(2,1,2)",
Canada,2016,Historical,437.0,,,437.0,0.0,"(2,1,2)",
Canada,2017,Historical,492.58,,,492.58,0.0,"(2,1,2)",
Canada,2018,Historical,448.64,,,448.64,0.0,"(2,1,2)",
Canada,2019,Historical,517.42,,,517.42,0.0,"(2,1,2)",
Canada,2020,Historical,456.85,,,456.85,0.0,"(2,1,2)",
Canada,2021,Historical,487.94,,,487.94,0.0,"(2,1,2)",
Canada,2022,Historical,461.39,,,461.39,0.0,"(2,1,2)",
Canada,2023,Historical,481.77,,,481.77,0.0,"(2,1,2)",
Canada,2024,Historical,465.51,,,465.51,0.0,"(2,1,2)",
Canada,2025,Forecast,491.44,,,491.44,0.0,"(2,1,2)",11.83
Canada,2026,Forecast,456.54,,,456.54,0.0,"(2,1,2)",11.83
Canada,2027,Forecast,491.02,,,491.02,0.0,"(2,1,2)",11.83
Canada,2028,Forecast,456.52,,,456.52,0.0,"(2,1,2)",11.83
Canada,2029,Forecast,491.02,,,491.02,0.0,"(2,1,2)",11.83
Canada,2030,Forecast,456.53,,,456.53,0.0,"(2,1,2)",11.83
Canada,2031,Forecast,491.02,,,491.02,0.0,"(2,1,2)",11.83
China,1971,Historical,0.0,,,2.0,2.0,"(2,1,1)",
China,1972,Historical,-2.0,,,1.0,3.0,"(2,1,1)",
China,1973,Historical,-1.0,,,2.0,3.0,"(2,1,1)",
China,1974,Historical,4.0,,,7.0,3.0,"(2,1,1)",
China,1975,Historical,12.0,,,16.0,4.0,"(2,1,1)",
China,1976,Historical,14.0,,,17.0,3.0,"(2,1,1)",
China,1977,Historical,10.0,,,24.0,14.0,"(2,1,1)",
China,1978,Historical,16.0,,,34.0,18.0,"(2,1,1)",
China,1979,Historical,41.0,,,48.0,7.0,"(2,1,1)",
China,1980,Historical,81.0,,,97.0,16.0,"(2,1,1)",
China,1981,Historical,93.0,,,107.0,14.0,"(2,1,1)",
China,1982,Historical,90.0,,,121.0,31.0,"(2,1,1)",
China,1983,Historical,95.0,,,121.0,26.0,"(2,1,1)",
China,1984,Historical,111.0,,,133.0,22.0,"(2,1,1)",
China,1985,Historical,121.0,,,143.0,22.0,"(2,1,1)",
China,1986,Historical,57.0,,,127.0,70.0,"(2,1,1)",
China,1987,Historical,42.0,,,114.0,72.0,"(2,1,1)",
China,1988,Historical,21.0,,,117.0,96.0,"(2,1,1)",
China,1989,Historical,-64.0,,,135.0,199.0,"(2,1,1)",
China,1990,Historical,10.0,,,140.0,130.0,"(2,1,1)",
China,1991,Historical,-86.0,,,132.0,218.0,"(2,1,1)",
China,1992,Historical,-253.0,,,121.0,374.0,"(2,1,1)",
China,1993,Historical,-589.0,,,98.0,687.0,"(2,1,1)",
China,1994,Historical,-441.0,,,95.0,536.0,"(2,1,1)",
China,1995,Historical,-591.0,,,110.0,701.0,"(2,1,1)",
China,1996,Historical,-749.0,,,118.0,867.0,"(2,1,1)",
China,1997,Historical,-1171.0,,,156.0,1327.0,"(2,1,1)",
China,1998,Historical,-978.0,,,147.0,1125.0,"(2,1,1)",
China,1999,Historical,-1064.0,,,185.0,1249.0,"(2,1,1)",
China,2000,Historical,-1697.0,,,221.0,1918.0,"(2,1,1)",
China,2001,Historical,-1535.0,,,250.0,1785.0,"(2,1,1)",
China,2002,Historical,-1758.0,,,266.0,2024.0,"(2,1,1)",
China,2003,Historical,-2279.0,,,331.0,2610.0,"(2,1,1)",
China,2004,Historical,-3118.0,,,286.0,3404.0,"(2,1,1)",
China,2005,Historical,-3029.0,,,353.0,3382.0,"(2,1,1)",
China,2006,Historical,-3494.0,,,321.0,3815.0,"(2,1,1)",
China,2007,Historical,-3747.0,,,379.0,4126.0,"(2,1,1)",
China,2008,Historical,-4088.0,,,411.0,4499.0,"(2,1,1)",
China,2009,Historical,-4466.0,,,579.0,5045.0,"(2,1,1)",
China,2010,Historical,-5109.0,,,626.0,5735.0,"(2,1,1)",
China,2011,Historical,-5540.0,,,617.0,6157.0,"(2,1,1)",
China,2012,Historical,-5876.0,,,573.0,6449.0,"(2,1,1)",
China,2013,Historical,-6037.0,,,672.0,6709.0,"(2,1,1)",
China,2014,Historical,-6441.0,,,709.0,7150.0,"(2,1,1)",
China,2015,Historical,-7037.0,,,847.0,7884.0,"(2,1,1)",
China,2016,Historical,-7754.0,,,1104.0,8858.0,"(2,1,1)",
China,2017,Historical,-8630.15,,,1181.55,9811.7,"(2,1,1)",
China,2018,Historical,-9458.63,,,1323.77,10782.4,"(2,1,1)",
China,2019,Historical,-10105.1,,,1511.9,11617.0,"(2,1,1)",
China,2020,Historical,-10910.33,,,1362.97,12273.3,"(2,1,1)",
China,2021,Historical,-10531.89,,,1327.21,11859.1,"(2,1,1)",
China,2022,Historical,-10675.22,,,1181.48,11856.7,"(2,1,1)",
China,2023,Historical,-12251.14,,,1370.06,13621.2,"(2,1,1)",
China,2024,Historical,1211.17,,,1211.17,0.0,"(2,1,1)",
China,2024,Forecast,-14239.3,,,0.0,14239.3,,
China,2025,Forecast,-13563.22,-14500.78,-12625.57,1288.98,14852.2,"(2,1,1)",17.55
China,2026,Forecast,-14250.84,-15528.23,-12973.45,1208.86,15459.7,"(2,1,1)",17.55
China,2027,Forecast,-14804.13,-16455.22,-13153.04,1257.87,16062.0,"(2,1,1)",17.55
China,2028,Forecast,-15443.9,-17424.05,-13463.75,1215.2,16659.1,"(2,1,1)",17.55
China,2029,Forecast,-16006.85,-18326.25,-13687.45,1244.25,17251.1,"(2,1,1)",17.55
China,2030,Forecast,-16617.16,-19257.23,-13977.09,1220.84,17838.0,"(2,1,1)",17.55
China,2031,Forecast,1237.63,,,1237.63,0.0,"(2,1,1)",17.55
Curacao,1971,Historical,672.0,,,672.0,0.0,"(1,1,1)",
Curacao,1972,Historical,653.0,,,653.0,0.0,"(1,1,1)",
Curacao,1973,Historical,781.0,,,781.0,0.0,"(1,1,1)",
Curacao,1974,Historical,706.0,,,706.0,0.0,"(1,1,1)",
Curacao,1975,Historical,485.0,,,485.0,0.0,"(1,1,1)",
Curacao,1976,Historical,462.0,,,462.0,0.0,"(1,1,1)",
Curacao,1977,Historical,428.0,,,428.0,0.0,"(1,1,1)",
Curacao,1978,Historical,446.0,,,446.0,0.0,"(1,1,1)",
Curacao,1979,Historical,429.0,,,429.0,0.0,"(1,1,1)",
Curacao,1980,Historical,456.0,,,456.0,0.0,"(1,1,1)",
Curacao,1981,Historical,427.0,,,427.0,0.0,"(1,1,1)",
Curacao,1982,Historical,371.0,,,371.0,0.0,"(1,1,1)",
Curacao,1983,Historical,377.0,,,377.0,0.0,"(1,1,1)",
Curacao,1984,Historical,331.0,,,331.0,0.0,"(1,1,1)",
Curacao,1985,Historical,129.0,,,129.0,0.0,"(1,1,1)",
Curacao,1986,Historical,124.0,,,124.0,0.0,"(1,1,1)",
Curacao,1987,Historical,163.0,,,163.0,0.0,"(1,1,1)",
Curacao,1988,Historical,167.0,,,167.0,0.0,"(1,1,1)",
Curacao,1989,Historical,171.0,,,171.0,0.0,"(1,1,1)",
Curacao,1990,Historical,180.0,,,180.0,0.0,"(1,1,1)",
Curacao,1991,Historical,199.0,,,199.0,0.0,"(1,1,1)",
Curacao,1992,Historical,199.0,,,199.0,0.0,"(1,1,1)",
Curacao,1993,Historical,217.0,,,217.0,0.0,"(1,1,1)",
Curacao,1994,Historical,218.0,,,218.0,0.0,"(1,1,1)",
Curacao,1995,Historical,219.0,,,219.0,0.0,"(1,1,1)",
Curacao,1996,Historical,218.0,,,218.0,0.0,"(1,1,1)",
Curacao,1997,Historical,217.0,,,217.0,0.0,"(1,1,1)",
Curacao,1998,Historical,225.0,,,225.0,0.0,"(1,1,1)",
Curacao,1999,Historical,198.0,,,198.0,0.0,"(1,1,1)",
Curacao,2000,Historical,203.0,,,203.0,0.0,"(1,1,1)",
Curacao,2001,Historical,228.0,,,228.0,0.0,"(1,1,1)",
Curacao,2002,Historical,188.0,,,188.0,0.0,"(1,1,1)",
Curacao,2003,Historical,173.0,,,173.0,0.0,"(1,1,1)",
Curacao,2004,Historical,202.0,,,202.0,0.0,"(1,1,1)",
Curacao,2005,Historical,214.0,,,214.0,0.0,"(1,1,1)",
Curacao,2006,Historical,198.0,,,198.0,0.0,"(1,1,1)",
Curacao,2007,Historical,205.0,,,205.0,0.0,"(1,1,1)",
Curacao,2008,Historical,192.0,,,192.0,0.0,"(1,1,1)",
Curacao,2009,Historical,175.0,,,175.0,0.0,"(1,1,1)",
Curacao,2010,Historical,76.0,,,76.0,0.0,"(1,1,1)",
Curacao,2011,Historical,139.0,,,139.0,0.0,"(1,1,1)",
Curacao,2012,Historical,147.0,,,147.0,0.0,"(1,1,1)",
Curacao,2013,Historical,163.0,,,163.0,0.0,"(1,1,1)",
Curacao,2014,Historical,171.0,,,171.0,0.0,"(1,1,1)",
Curacao,2015,Historical,160.0,,,160.0,0.0,"(1,1,1)",
Curacao,2016,Historical,148.0,,,148.0,0.0,"(1,1,1)",
Curacao,2017,Historical,77.15,,,77.15,0.0,"(1,1,1)",
Curacao,2018,Historical,56.67,,,56.67,0.0,"(1,1,1)",
Curacao,2019,Forecast,54.47,,,54.47,0.0,"(1,1,1)",37.6
Curacao,2020,Forecast,56.55,,,56.55,0.0,"(1,1,1)",37.6
Curacao,2021,Forecast,54.58,,,54.58,0.0,"(1,1,1)",37.6
Curacao,2022,Forecast,56.45,,,56.45,0.0,"(1,1,1)",37.6
Curacao,2023,Forecast,54.67,,,54.67,0.0,"(1,1,1)",37.6
Curacao,2024,Forecast,56.36,,,56.36,0.0,"(1,1,1)",37.6
Curacao,2025,Forecast,54.76,,,54.76,0.0,"(1,1,1)",37.6
France,1971,Historical,-2100.0,,,245.0,2345.0,"(1,1,1)",
France,1972,Historical,-2301.0,,,258.0,2559.0,"(1,1,1)",
France,1973,Historical,-2595.0,,,281.0,2876.0,"(1,1,1)",
France,1974,Historical,-2525.0,,,237.0,2762.0,"(1,1,1)",
France,1975,Historical,-2065.0,,,236.0,2301.0,"(1,1,1)",
France,1976,Historical,-2402.0,,,210.0,2612.0,"(1,1,1)",
France,1977,Historical,-2256.0,,,279.0,2535.0,"(1,1,1)",
France,1978,Historical,-2250.0,,,273.0,2523.0,"(1,1,1)",
France,1979,Historical,-2440.0,,,335.0,2775.0,"(1,1,1)",
France,1980,Historical,-2266.0,,,279.0,2545.0,"(1,1,1)",
France,1981,Historical,-1908.0,,,308.0,2216.0,"(1,1,1)",
France,1982,Historical,-1790.0,,,244.0,2034.0,"(1,1,1)",
France,1983,Historical,-1685.0,,,223.0,1908.0,"(1,1,1)",
France,1984,Historical,-1712.0,,,223.0,1935.0,"(1,1,1)",
France,1985,Historical,-1646.0,,,244.0,1890.0,"(1,1,1)",
France,1986,Historical,-1663.0,,,253.0,1916.0,"(1,1,1)",
France,1987,Historical,-1738.0,,,235.0,1973.0,"(1,1,1)",
France,1988,Historical,-1723.0,,,261.0,1984.0,"(1,1,1)",
France,1989,Historical,-1756.0,,,254.0,2010.0,"(1,1,1)",
France,1990,Historical,-1762.0,,,299.0,2061.0,"(1,1,1)",
France,1991,Historical,-1866.0,,,297.0,2163.0,"(1,1,1)",
France,1992,Historical,-1783.0,,,303.0,2086.0,"(1,1,1)",
France,1993,Historical,-1786.0,,,323.0,2109.0,"(1,1,1)",
France,1994,Historical,-1683.0,,,352.0,2035.0,"(1,1,1)",
France,1995,Historical,-1736.0,,,328.0,2064.0,"(1,1,1)",
France,1996,Historical,-1820.0,,,374.0,2194.0,"(1,1,1)",
France,1997,Historical,-1801.0,,,398.0,2199.0,"(1,1,1)",
France,1998,Historical,-1901.0,,,423.0,2324.0,"(1,1,1)",
France,1999,Historical,-1847.0,,,387.0,2234.0,"(1,1,1)",
France,2000,Historical,-1844.0,,,446.0,2290.0,"(1,1,1)",
France,2001,Historical,-1909.0,,,421.0,2330.0,"(1,1,1)",
France,2002,Historical,-1892.0,,,408.0,2300.0,"(1,1,1)",
France,2003,Historical,-1894.0,,,476.0,2370.0,"(1,1,1)",
France,2004,Historical,-1892.0,,,502.0,2394.0,"(1,1,1)",
France,2005,Historical,-1903.0,,,578.0,2481.0,"(1,1,1)",
France,2006,Historical,-1879.0,,,589.0,2468.0,"(1,1,1)",
France,2007,Historical,-1851.0,,,553.0,2404.0,"(1,1,1)",
France,2008,Historical,-1779.0,,,653.0,2432.0,"(1,1,1)",
France,2009,Historical,-1720.0,,,538.0,2258.0,"(1,1,1)",
France,2010,Historical,-1655.0,,,484.0,2139.0,"(1,1,1)",
France,2011,Historical,-1722.0,,,444.0,2166.0,"(1,1,1)",
France,2012,Historical,-1669.0,,,417.0,2086.0,"(1,1,1)",
France,2013,Historical,-1652.0,,,405.0,2057.0,"(1,1,1)",
France,2014,Historical,-1632.0,,,407.0,2039.0,"(1,1,1)",
France,2015,Historical,-1648.0,,,450.0,2098.0,"(1,1,1)",
France,2016,Historical,-1571.0,,,443.0,2014.0,"(1,1,1)",
France,2017,Historical,-1613.06,,,439.04,2052.1,"(1,1,1)",
France,2018,Historical,-1544.6,,,432.1,1976.7,"(1,1,1)",
France,2019,Historical,-1573.54,,,369.66,1943.2,"(1,1,1)",
France,2020,Historical,-1316.95,,,271.85,1588.8,"(1,1,1)",
France,2021,Historical,-1389.79,,,268.11,1657.9,"(1,1,1)",
France,2022,Historical,-1408.76,,,295.34,1704.1,"(1,1,1)",
France,2023,Historical,-1413.22,,,311.28,1724.5,"(1,1,1)",
France,2024,Historical,-1376.01,,,344.69,1720.7,"(1,1,1)",
France,2024,Forecast,-1720.7,,,0.0,1720.7,,
France,2025,Forecast,-1360.29,-1680.18,-1040.3,360.41,1720.7,"(1,1,1)",15.72
France,2026,Forecast,-1360.25,-1797.9,-922.6,360.45,1720.7,"(1,1,1)",15.72
France,2027,Forecast,-1360.25,-1885.79,-834.62,360.45,1720.7,"(1,1,1)",15.72
France,2028,Forecast,-1360.25,-1960.22,-760.18,360.45,1720.7,"(1,1,1)",15.72
France,2029,Forecast,-1360.25,-2025.99,-694.42,360.45,1720.7,"(1,1,1)",15.72
France,2030,Forecast,-1360.25,-2085.76,-634.65,360.45,1720.7,"(1,1,1)",15.72
France,2031,Forecast,360.45,,,360.45,0.0,"(1,1,1)",15.72
Germany,1971,Historical,-2816.0,,,186.0,3002.0,"(2,1,1)",
Germany,1972,Historical,-2965.0,,,177.0,3142.0,"(2,1,1)",
Germany,1973,Historical,-3210.0,,,201.0,3411.0,"(2,1,1)",
Germany,1974,Historical,-2956.0,,,222.0,3178.0,"(2,1,1)",
Germany,1975,Historical,-2757.0,,,175.0,2932.0,"(2,1,1)",
Germany,1976,Historical,-3087.0,,,166.0,3253.0,"(2,1,1)",
Germany,1977,Historical,-3092.0,,,158.0,3250.0,"(2,1,1)",
Germany,1978,Historical,-3155.0,,,153.0,3308.0,"(2,1,1)",
Germany,1979,Historical,-3245.0,,,164.0,3409.0,"(2,1,1)",
Germany,1980,Historical,-2971.0,,,225.0,3196.0,"(2,1,1)",
Germany,1981,Historical,-2522.0,,,210.0,2732.0,"(2,1,1)",
Germany,1982,Historical,-2366.0,,,280.0,2646.0,"(2,1,1)",
Germany,1983,Historical,-2322.0,,,268.0,2590.0,"(2,1,1)",
Germany,1984,Historical,-2342.0,,,254.0,2596.0,"(2,1,1)",
Germany,1985,Historical,-2416.0,,,228.0,2644.0,"(2,1,1)",
Germany,1986,Historical,-2632.0,,,169.0,2801.0,"(2,1,1)",
Germany,1987,Historical,-2548.0,,,151.0,2699.0,"(2,1,1)",
Germany,1988,Historical,-2543.0,,,183.0,2726.0,"(2,1,1)",
Germany,1989,Historical,-2391.0,,,219.0,2610.0,"(2,1,1)",
Germany,1990,Historical,-2460.0,,,208.0,2668.0,"(2,1,1)",
Germany,1991,Historical,-2636.0,,,180.0,2816.0,"(2,1,1)",
Germany,1992,Historical,-2711.0,,,270.0,2981.0,"(2,1,1)",
Germany,1993,Historical,-2680.0,,,304.0,2984.0,"(2,1,1)",
Germany,1994,Historical,-2706.0,,,321.0,3027.0,"(2,1,1)",
Germany,1995,Historical,-2667.0,,,297.0,2964.0,"(2,1,1)",
Germany,1996,Historical,-2779.0,,,289.0,3068.0,"(2,1,1)",
Germany,1997,Historical,-2828.0,,,260.0,3088.0,"(2,1,1)",
Germany,1998,Historical,-2864.0,,,310.0,3174.0,"(2,1,1)",
Germany,1999,Historical,-2626.0,,,348.0,2974.0,"(2,1,1)",
Germany,2000,Historical,-2610.0,,,387.0,2997.0,"(2,1,1)",
Germany,2001,Historical,-2682.0,,,384.0,3066.0,"(2,1,1)",
Germany,2002,Historical,-2513.0,,,386.0,2899.0,"(2,1,1)",
Germany,2003,Historical,-2536.0,,,389.0,2925.0,"(2,1,1)",
Germany,2004,Historical,-2459.0,,,491.0,2950.0,"(2,1,1)",
Germany,2005,Historical,-2477.0,,,543.0,3020.0,"(2,1,1)",
Germany,2006,Historical,-2440.0,,,564.0,3004.0,"(2,1,1)",
Germany,2007,Historical,-2197.0,,,579.0,2776.0,"(2,1,1)",
Germany,2008,Historical,-2332.0,,,527.0,2859.0,"(2,1,1)",
Germany,2009,Historical,-2218.0,,,464.0,2682.0,"(2,1,1)",
Germany,2010,Historical,-2272.0,,,372.0,2644.0,"(2,1,1)",
Germany,2011,Historical,-2158.0,,,373.0,2531.0,"(2,1,1)",
Germany,2012,Historical,-2184.0,,,386.0,2570.0,"(2,1,1)",
Germany,2013,Historical,-2218.0,,,415.0,2633.0,"(2,1,1)",
Germany,2014,Historical,-2163.0,,,436.0,2599.0,"(2,1,1)",
Germany,2015,Historical,-2188.0,,,457.0,2645.0,"(2,1,1)",
Germany,2016,Historical,-2197.0,,,467.0,2664.0,"(2,1,1)",
Germany,2017,Historical,-2232.16,,,483.24,2715.4,"(2,1,1)",
Germany,2018,Historical,-2127.72,,,462.58,2590.3,"(2,1,1)",
Germany,2019,Historical,-2195.45,,,451.55,2647.0,"(2,1,1)",
Germany,2020,Historical,-1964.32,,,456.38,2420.7,"(2,1,1)",
Germany,2021,Historical,-1925.97,,,524.03,2450.0,"(2,1,1)",
Germany,2022,Historical,-1991.72,,,566.18,2557.9,"(2,1,1)",
Germany,2023,Historical,-1830.01,,,507.89,2337.9,"(2,1,1)",
Germany,2024,Historical,-1744.45,,,607.55,2352.0,"(2,1,1)",
Germany,2024,Forecast,-2351.8,,,0.0,2351.8,,
Germany,2025,Forecast,-1772.81,-2103.01,-1442.51,578.99,2351.8,"(2,1,1)",14.41
Germany,2026,Forecast,-1745.42,-2145.05,-1345.68,606.38,2351.8,"(2,1,1)",14.41
Germany,2027,Forecast,-1742.44,-2210.27,-1274.62,609.36,2351.8,"(2,1,1)",14.41
Germany,2028,Forecast,-1728.81,-2254.15,-1203.38,622.99,2351.8,"(2,1,1)",14.41
Germany,2029,Forecast,-1719.83,-2299.59,-1140.08,631.97,2351.8,"(2,1,1)",14.41
Germany,2030,Forecast,-1708.83,-2338.76,-1078.79,642.97,2351.8,"(2,1,1)",14.41
Germany,2031,Forecast,653.09,,,653.09,0.0,"(2,1,1)",14.41
India,1971,Historical,-298.0,,,4.0,302.0,"(2,1,2)",
India,1972,Historical,-306.0,,,2.0,308.0,"(2,1,2)",
India,1973,Historical,-349.0,,,3.0,352.0,"(2,1,2)",
India,1974,Historical,-337.0,,,5.0,342.0,"(2,1,2)",
India,1975,Historical,-319.0,,,4.0,323.0,"(2,1,2)",
India,1976,Historical,-329.0,,,1.0,330.0,"(2,1,2)",
India,1977,Historical,-349.0,,,1.0,350.0,"(2,1,2)",
India,1978,Historical,-370.0,,,1.0,371.0,"(2,1,2)",
India,1979,Historical,-421.0,,,3.0,424.0,"(2,1,2)",
India,1980,Historical,-461.0,,,13.0,474.0,"(2,1,2)",
India,1981,Historical,-410.0,,,5.0,415.0,"(2,1,2)",
India,1982,Historical,-432.0,,,15.0,447.0,"(2,1,2)",
India,1983,Historical,-379.0,,,32.0,411.0,"(2,1,2)",
India,1984,Historical,-373.0,,,20.0,393.0,"(2,1,2)",
India,1985,Historical,-352.0,,,47.0,399.0,"(2,1,2)",
India,1986,Historical,-324.0,,,57.0,381.0,"(2,1,2)",
India,1987,Historical,-366.0,,,75.0,441.0,"(2,1,2)",
India,1988,Historical,-438.0,,,51.0,489.0,"(2,1,2)",
India,1989,Historical,-472.0,,,62.0,534.0,"(2,1,2)",
India,1990,Historical,-546.0,,,59.0,605.0,"(2,1,2)",
India,1991,Historical,-622.0,,,64.0,686.0,"(2,1,2)",
India,1992,Historical,-751.0,,,80.0,831.0,"(2,1,2)",
India,1993,Historical,-796.0,,,86.0,882.0,"(2,1,2)",
India,1994,Historical,-776.0,,,75.0,851.0,"(2,1,2)",
India,1995,Historical,-894.0,,,79.0,973.0,"(2,1,2)",
India,1996,Historical,-1037.0,,,72.0,1109.0,"(2,1,2)",
India,1997,Historical,-1119.0,,,75.0,1194.0,"(2,1,2)",
India,1998,Historical,-1299.0,,,26.0,1325.0,"(2,1,2)",
India,1999,Historical,-1479.0,,,63.0,1542.0,"(2,1,2)",
India,2000,Historical,-1539.0,,,170.0,1709.0,"(2,1,2)",
India,2001,Historical,-1554.0,,,204.0,1758.0,"(2,1,2)",
India,2002,Historical,-1623.0,,,209.0,1832.0,"(2,1,2)",
India,2003,Historical,-1711.0,,,320.0,2031.0,"(2,1,2)",
India,2004,Historical,-1733.0,,,430.0,2163.0,"(2,1,2)",
India,2005,Historical,-1822.0,,,497.0,2319.0,"(2,1,2)",
India,2006,Historical,-1946.0,,,711.0,2657.0,"(2,1,2)",
India,2007,Historical,-2109.0,,,871.0,2980.0,"(2,1,2)",
India,2008,Historical,-2285.0,,,825.0,3110.0,"(2,1,2)",
India,2009,Historical,-2470.0,,,1095.0,3565.0,"(2,1,2)",
India,2010,Historical,-2469.0,,,1266.0,3735.0,"(2,1,2)",
India,2011,Historical,-2541.0,,,1341.0,3882.0,"(2,1,2)",
India,2012,Historical,-2759.0,,,1383.0,4142.0,"(2,1,2)",
India,2013,Historical,-2779.0,,,1470.0,4249.0,"(2,1,2)",
India,2014,Historical,-2945.0,,,1409.0,4354.0,"(2,1,2)",
India,2015,Historical,-3441.0,,,1345.0,4786.0,"(2,1,2)",
India,2016,Historical,-3685.0,,,1451.0,5136.0,"(2,1,2)",
India,2017,Historical,-3796.27,,,1477.33,5273.6,"(2,1,2)",
India,2018,Historical,-4061.01,,,1339.39,5400.4,"(2,1,2)",
India,2019,Historical,-4209.52,,,1458.58,5668.1,"(2,1,2)",
India,2020,Historical,-3785.4,,,1247.3,5032.7,"(2,1,2)",
India,2021,Historical,-3904.44,,,1398.46,5302.9,"(2,1,2)",
India,2022,Historical,-4704.54,,,1302.76,6007.3,"(2,1,2)",
India,2023,Historical,-4950.71,,,1340.59,6291.3,"(2,1,2)",
India,2024,Historical,1295.38,,,1295.38,0.0,"(2,1,2)",
India,2024,Forecast,-6482.8,,,0.0,6482.8,,
India,2025,Forecast,-5358.35,-5807.84,-4908.76,1313.85,6672.2,"(2,1,2)",12.05
India,2026,Forecast,-5571.04,-6117.68,-5024.39,1288.36,6859.4,"(2,1,2)",12.05
India,2027,Forecast,-5761.1,-6408.69,-5113.61,1283.3,7044.4,"(2,1,2)",12.05
India,2028,Forecast,-5958.64,-6696.89,-5220.39,1268.76,7227.4,"(2,1,2)",12.05
India,2029,Forecast,-6149.67,-6982.12,-5317.31,1258.63,7408.3,"(2,1,2)",12.05
India,2030,Forecast,-6340.73,-7266.07,-5415.39,1246.47,7587.2,"(2,1,2)",12.05
India,2031,Forecast,1235.26,,,1235.26,0.0,"(2,1,2)",12.05
Iran,1971,Historical,264.0,,,264.0,0.0,"(2,1,1)",
Iran,1972,Historical,242.0,,,242.0,0.0,"(2,1,1)",
Iran,1973,Historical,239.0,,,239.0,0.0,"(2,1,1)",
Iran,1974,Historical,234.0,,,234.0,0.0,"(2,1,1)",
Iran,1975,Historical,228.0,,,228.0,0.0,"(2,1,1)",
Iran,1976,Historical,182.0,,,182.0,0.0,"(2,1,1)",
Iran,1977,Historical,189.0,,,189.0,0.0,"(2,1,1)",
Iran,1978,Historical,135.0,,,135.0,0.0,"(2,1,1)",
Iran,1979,Historical,169.0,,,169.0,0.0,"(2,1,1)",
Iran,1980,Historical,113.0,,,113.0,0.0,"(2,1,1)",
Iran,1981,Historical,11.0,,,11.0,0.0,"(2,1,1)",
Iran,1982,Historical,20.0,,,20.0,0.0,"(2,1,1)",
Iran,1983,Historical,76.0,,,76.0,0.0,"(2,1,1)",
Iran,1984,Historical,52.0,,,52.0,0.0,"(2,1,1)",
Iran,1985,Historical,70.0,,,70.0,0.0,"(2,1,1)",
Iran,1986,Historical,38.0,,,38.0,0.0,"(2,1,1)",
Iran,1987,Historical,46.0,,,46.0,0.0,"(2,1,1)",
Iran,1988,Historical,39.0,,,39.0,0.0,"(2,1,1)",
Iran,1989,Historical,78.0,,,78.0,0.0,"(2,1,1)",
Iran,1990,Historical,89.0,,,89.0,0.0,"(2,1,1)",
Iran,1991,Historical,113.0,,,113.0,0.0,"(2,1,1)",
Iran,1992,Historical,132.0,,,132.0,0.0,"(2,1,1)",
Iran,1993,Historical,127.0,,,127.0,0.0,"(2,1,1)",
Iran,1994,Historical,151.0,,,151.0,0.0,"(2,1,1)",
Iran,1995,Historical,186.0,,,186.0,0.0,"(2,1,1)",
Iran,1996,Historical,202.0,,,202.0,0.0,"(2,1,1)",
Iran,1997,Historical,235.0,,,235.0,0.0,"(2,1,1)",
Iran,1998,Historical,290.0,,,290.0,0.0,"(2,1,1)",
Iran,1999,Historical,416.0,,,416.0,0.0,"(2,1,1)",
Iran,2000,Historical,348.0,,,348.0,0.0,"(2,1,1)",
Iran,2001,Historical,317.0,,,317.0,0.0,"(2,1,1)",
Iran,2002,Historical,347.0,,,347.0,0.0,"(2,1,1)",
Iran,2003,Historical,345.0,,,345.0,0.0,"(2,1,1)",
Iran,2004,Historical,348.0,,,348.0,0.0,"(2,1,1)",
Iran,2005,Historical,326.0,,,326.0,0.0,"(2,1,1)",
Iran,2006,Historical,331.0,,,331.0,0.0,"(2,1,1)",
Iran,2007,Historical,304.0,,,304.0,0.0,"(2,1,1)",
Iran,2008,Historical,288.0,,,288.0,0.0,"(2,1,1)",
Iran,2009,Historical,324.0,,,324.0,0.0,"(2,1,1)",
Iran,2010,Historical,366.0,,,366.0,0.0,"(2,1,1)",
Iran,2011,Historical,391.0,,,391.0,0.0,"(2,1,1)",
Iran,2012,Historical,269.0,,,269.0,0.0,"(2,1,1)",
Iran,2013,Historical,276.0,,,276.0,0.0,"(2,1,1)",
Iran,2014,Historical,266.0,,,266.0,0.0,"(2,1,1)",
Iran,2015,Historical,426.0,,,426.0,0.0,"(2,1,1)",
Iran,2016,Historical,585.0,,,585.0,0.0,"(2,1,1)",
Iran,2017,Historical,579.09,,,579.09,0.0,"(2,1,1)",
Iran,2018,Historical,556.55,,,556.55,0.0,"(2,1,1)",
Iran,2019,Historical,648.47,,,648.47,0.0,"(2,1,1)",
Iran,2020,Historical,675.37,,,675.37,0.0,"(2,1,1)",
Iran,2021,Historical,687.48,,,687.48,0.0,"(2,1,1)",
Iran,2022,Historical,830.79,,,830.79,0.0,"(2,1,1)",
Iran,2023,Historical,930.15,,,930.15,0.0,"(2,1,1)",
Iran,2024,Historical,970.08,,,970.08,0.0,"(2,1,1)",
Iran,2025,Forecast,1003.0,,,1003.0,0.0,"(2,1,1)",17.06
Iran,2026,Forecast,999.85,,,999.85,0.0,"(2,1,1)",17.06
Iran,2027,Forecast,992.1,,,992.1,0.0,"(2,1,1)",17.06
Iran,2028,Forecast,991.47,,,991.47,0.0,"(2,1,1)",17.06
Iran,2029,Forecast,993.06,,,993.06,0.0,"(2,1,1)",17.06
Iran,2030,Forecast,993.47,,,993.47,0.0,"(2,1,1)",17.06
Iran,2031,Forecast,993.19,,,993.19,0.0,"(2,1,1)",17.06
Italy,1971,Historical,565.0,,,565.0,0.0,"(1,1,1)",
Italy,1972,Historical,561.0,,,561.0,0.0,"(1,1,1)",
Italy,1973,Historical,588.0,,,588.0,0.0,"(1,1,1)",
Italy,1974,Historical,487.0,,,487.0,0.0,"(1,1,1)",
Italy,1975,Historical,306.0,,,306.0,0.0,"(1,1,1)",
Italy,1976,Historical,318.0,,,318.0,0.0,"(1,1,1)",
Italy,1977,Historical,402.0,,,402.0,0.0,"(1,1,1)",
Italy,1978,Historical,480.0,,,480.0,0.0,"(1,1,1)",
Italy,1979,Historical,479.0,,,479.0,0.0,"(1,1,1)",
Italy,1980,Historical,255.0,,,255.0,0.0,"(1,1,1)",
Italy,1981,Historical,313.0,,,313.0,0.0,"(1,1,1)",
Italy,1982,Historical,298.0,,,298.0,0.0,"(1,1,1)",
Italy,1983,Historical,266.0,,,266.0,0.0,"(1,1,1)",
Italy,1984,Historical,224.0,,,224.0,0.0,"(1,1,1)",
Italy,1985,Historical,254.0,,,254.0,0.0,"(1,1,1)",
Italy,1986,Historical,350.0,,,350.0,0.0,"(1,1,1)",
Italy,1987,Historical,303.0,,,303.0,0.0,"(1,1,1)",
Italy,1988,Historical,314.0,,,314.0,0.0,"(1,1,1)",
Italy,1989,Historical,299.0,,,299.0,0.0,"(1,1,1)",
Italy,1990,Historical,355.0,,,355.0,0.0,"(1,1,1)",
Italy,1991,Historical,376.0,,,376.0,0.0,"(1,1,1)",
Italy,1992,Historical,387.0,,,387.0,0.0,"(1,1,1)",
Italy,1993,Historical,437.0,,,437.0,0.0,"(1,1,1)",
Italy,1994,Historical,401.0,,,401.0,0.0,"(1,1,1)",
Italy,1995,Historical,340.0,,,340.0,0.0,"(1,1,1)",
Italy,1996,Historical,374.0,,,374.0,0.0,"(1,1,1)",
Italy,1997,Historical,420.0,,,420.0,0.0,"(1,1,1)",
Italy,1998,Historical,459.0,,,459.0,0.0,"(1,1,1)",
Italy,1999,Historical,413.0,,,413.0,0.0,"(1,1,1)",
Italy,2000,Historical,435.0,,,435.0,0.0,"(1,1,1)",
Italy,2001,Historical,455.0,,,455.0,0.0,"(1,1,1)",
Italy,2002,Historical,444.0,,,444.0,0.0,"(1,1,1)",
Italy,2003,Historical,477.0,,,477.0,0.0,"(1,1,1)",
Italy,2004,Historical,507.0,,,507.0,0.0,"(1,1,1)",
Italy,2005,Historical,582.0,,,582.0,0.0,"(1,1,1)",
Italy,2006,Historical,549.0,,,549.0,0.0,"(1,1,1)",
Italy,2007,Historical,617.0,,,617.0,0.0,"(1,1,1)",
Italy,2008,Historical,570.0,,,570.0,0.0,"(1,1,1)",
Italy,2009,Historical,514.0,,,514.0,0.0,"(1,1,1)",
Italy,2010,Historical,589.0,,,589.0,0.0,"(1,1,1)",
Italy,2011,Historical,544.0,,,544.0,0.0,"(1,1,1)",
Italy,2012,Historical,586.0,,,586.0,0.0,"(1,1,1)",
Italy,2013,Historical,489.0,,,489.0,0.0,"(1,1,1)",
Italy,2014,Historical,413.0,,,413.0,0.0,"(1,1,1)",
Italy,2015,Historical,559.0,,,559.0,0.0,"(1,1,1)",
Italy,2016,Historical,580.0,,,580.0,0.0,"(1,1,1)",
Italy,2017,Historical,629.66,,,629.66,0.0,"(1,1,1)",
Italy,2018,Historical,576.42,,,576.42,0.0,"(1,1,1)",
Italy,2019,Historical,558.57,,,558.57,0.0,"(1,1,1)",
Italy,2020,Historical,463.1,,,463.1,0.0,"(1,1,1)",
Italy,2021,Historical,528.88,,,528.88,0.0,"(1,1,1)",
Italy,2022,Historical,527.57,,,527.57,0.0,"(1,1,1)",
Italy,2023,Historical,514.81,,,514.81,0.0,"(1,1,1)",
Italy,2024,Historical,527.38,,,527.38,0.0,"(1,1,1)",
Italy,2025,Forecast,541.23,,,541.23,0.0,"(1,1,1)",17.56
Italy,2026,Forecast,528.15,,,528.15,0.0,"(1,1,1)",17.56
Italy,2027,Forecast,540.51,,,540.51,0.0,"(1,1,1)",17.56
Italy,2028,Forecast,528.84,,,528.84,0.0,"(1,1,1)",17.56
Italy,2029,Forecast,539.86,,,539.86,0.0,"(1,1,1)",17.56
Italy,2030,Forecast,529.45,,,529.45,0.0,"(1,1,1)",17.56
Italy,2031,Forecast,539.28,,,539.28,0.0,"(1,1,1)",17.56
Japan,1971,Historical,-4414.0,,,0.0,4414.0,,
Japan,1972,Historical,-4711.0,,,0.0,4711.0,,
Japan,1973,Historical,-5526.0,,,0.0,5526.0,,
Japan,1974,Historical,-5478.0,,,0.0,5478.0,,
Japan,1975,Historical,-4996.0,,,0.0,4996.0,,
Japan,1976,Historical,-5248.0,,,0.0,5248.0,,
Japan,1977,Historical,-5448.0,,,0.0,5448.0,,
Japan,1978,Historical,-5330.0,,,0.0,5330.0,,
Japan,1979,Historical,-5610.0,,,0.0,5610.0,,
Japan,1980,Historical,-5094.0,,,0.0,5094.0,,
Japan,1981,Historical,-4634.0,,,0.0,4634.0,,
Japan,1982,Historical,-4447.0,,,0.0,4447.0,,
Japan,1983,Historical,-4415.0,,,0.0,4415.0,,
Japan,1984,Historical,-4578.0,,,0.0,4578.0,,
Japan,1985,Historical,-4352.0,,,0.0,4352.0,,
Japan,1986,Historical,-4469.0,,,0.0,4469.0,,
Japan,1987,Historical,-4531.0,,,0.0,4531.0,,
Japan,1988,Historical,-4781.0,,,0.0,4781.0,,
Japan,1989,Historical,-5167.0,,,0.0,5167.0,,
Japan,1990,Historical,-5474.0,,,0.0,5474.0,,
Japan,1991,Historical,-5362.0,,,0.0,5362.0,,
Japan,1992,Historical,-5608.0,,,0.0,5608.0,,
Japan,1993,Historical,-5545.0,,,0.0,5545.0,,
Japan,1994,Historical,-5913.0,,,0.0,5913.0,,
Japan,1995,Historical,-5885.0,,,0.0,5885.0,,
Japan,1996,Historical,-5895.0,,,0.0,5895.0,,
Japan,1997,Historical,-5809.0,,,0.0,5809.0,,
Japan,1998,Historical,-5549.0,,,0.0,5549.0,,
Japan,1999,Historical,-5564.0,,,0.0,5564.0,,
Japan,2000,Historical,-5648.0,,,0.0,5648.0,,
Japan,2001,Historical,-5316.0,,,0.0,5316.0,,
Japan,2002,Historical,-5412.0,,,0.0,5412.0,,
Japan,2003,Historical,-5451.0,,,0.0,5451.0,,
Japan,2004,Historical,-5378.0,,,0.0,5378.0,,
Japan,2005,Historical,-5509.0,,,0.0,5509.0,,
Japan,2006,Historical,-5277.0,,,0.0,5277.0,,
Japan,2007,Historical,-5241.0,,,0.0,5241.0,,
Japan,2008,Historical,-5039.0,,,0.0,5039.0,,
Japan,2009,Historical,-4623.0,,,0.0,4623.0,,
Japan,2010,Historical,-4758.0,,,0.0,4758.0,,
Japan,2011,Historical,-4754.0,,,0.0,4754.0,,
Japan,2012,Historical,-4831.0,,,0.0,4831.0,,
Japan,2013,Historical,-4717.0,,,0.0,4717.0,,
Japan,2014,Historical,-4432.0,,,0.0,4432.0,,
Japan,2015,Historical,-4402.0,,,0.0,4402.0,,
Japan,2016,Historical,-4239.0,,,0.0,4239.0,,
Japan,2017,Historical,-4235.2,,,0.0,4235.2,,
Japan,2018,Historical,-4076.7,,,0.0,4076.7,,
Japan,2019,Historical,-3974.2,,,0.0,3974.2,,
Japan,2020,Historical,-3374.3,,,0.0,3374.3,,
Japan,2021,Historical,-3607.6,,,0.0,3607.6,,
Japan,2022,Historical,-3675.0,,,0.0,3675.0,,
Japan,2023,Historical,-3465.5,,,0.0,3465.5,,
Japan,2024,Historical,-3355.4,,,0.0,3355.4,,
Japan,2024,Forecast,-3343.3,,,0.0,3343.3,,
Japan,2025,Forecast,-3342.0,,,0.0,3342.0,,
Japan,2026,Forecast,-3341.8,,,0.0,3341.8,,
Japan,2027,Forecast,-3341.8,,,0.0,3341.8,,
Japan,2028,Forecast,-3341.8,,,0.0,3341.8,,
Japan,2029,Forecast,-3341.8,,,0.0,3341.8,,
Japan,2030,Forecast,-3341.8,,,0.0,3341.8,,
Kuwait,1971,Historical,302.0,,,302.0,0.0,"(2,1,1)",
Kuwait,1972,Historical,327.0,,,327.0,0.0,"(2,1,1)",
Kuwait,1973,Historical,335.0,,,335.0,0.0,"(2,1,1)",
Kuwait,1974,Historical,322.0,,,322.0,0.0,"(2,1,1)",
Kuwait,1975,Historical,316.0,,,316.0,0.0,"(2,1,1)",
Kuwait,1976,Historical,331.0,,,331.0,0.0,"(2,1,1)",
Kuwait,1977,Historical,317.0,,,317.0,0.0,"(2,1,1)",
Kuwait,1978,Historical,312.0,,,312.0,0.0,"(2,1,1)",
Kuwait,1979,Historical,420.0,,,420.0,0.0,"(2,1,1)",
Kuwait,1980,Historical,303.0,,,303.0,0.0,"(2,1,1)",
Kuwait,1981,Historical,202.0,,,202.0,0.0,"(2,1,1)",
Kuwait,1982,Historical,309.0,,,309.0,0.0,"(2,1,1)",
Kuwait,1983,Historical,390.0,,,390.0,0.0,"(2,1,1)",
Kuwait,1984,Historical,418.0,,,418.0,0.0,"(2,1,1)",
Kuwait,1985,Historical,466.0,,,466.0,0.0,"(2,1,1)",
Kuwait,1986,Historical,507.0,,,507.0,0.0,"(2,1,1)",
Kuwait,1987,Historical,586.0,,,586.0,0.0,"(2,1,1)",
Kuwait,1988,Historical,666.0,,,666.0,0.0,"(2,1,1)",
Kuwait,1989,Historical,796.0,,,796.0,0.0,"(2,1,1)",
Kuwait,1990,Historical,237.0,,,237.0,0.0,"(2,1,1)",
Kuwait,1991,Historical,28.0,,,28.0,0.0,"(2,1,1)",
Kuwait,1992,Historical,253.0,,,253.0,0.0,"(2,1,1)",
Kuwait,1993,Historical,420.0,,,420.0,0.0,"(2,1,1)",
Kuwait,1994,Historical,716.0,,,716.0,0.0,"(2,1,1)",
Kuwait,1995,Historical,792.0,,,792.0,0.0,"(2,1,1)",
Kuwait,1996,Historical,765.0,,,765.0,0.0,"(2,1,1)",
Kuwait,1997,Historical,857.0,,,857.0,0.0,"(2,1,1)",
Kuwait,1998,Historical,802.0,,,802.0,0.0,"(2,1,1)",
Kuwait,1999,Historical,839.0,,,839.0,0.0,"(2,1,1)",
Kuwait,2000,Historical,685.0,,,685.0,0.0,"(2,1,1)",
Kuwait,2001,Historical,592.0,,,592.0,0.0,"(2,1,1)",
Kuwait,2002,Historical,633.0,,,633.0,0.0,"(2,1,1)",
Kuwait,2003,Historical,733.0,,,733.0,0.0,"(2,1,1)",
Kuwait,2004,Historical,716.0,,,716.0,0.0,"(2,1,1)",
Kuwait,2005,Historical,711.0,,,711.0,0.0,"(2,1,1)",
Kuwait,2006,Historical,760.0,,,760.0,0.0,"(2,1,1)",
Kuwait,2007,Historical,784.0,,,784.0,0.0,"(2,1,1)",
Kuwait,2008,Historical,728.0,,,728.0,0.0,"(2,1,1)",
Kuwait,2009,Historical,675.0,,,675.0,0.0,"(2,1,1)",
Kuwait,2010,Historical,718.0,,,718.0,0.0,"(2,1,1)",
Kuwait,2011,Historical,725.0,,,725.0,0.0,"(2,1,1)",
Kuwait,2012,Historical,762.0,,,762.0,0.0,"(2,1,1)",
Kuwait,2013,Historical,737.0,,,737.0,0.0,"(2,1,1)",
Kuwait,2014,Historical,779.0,,,779.0,0.0,"(2,1,1)",
Kuwait,2015,Historical,770.0,,,770.0,0.0,"(2,1,1)",
Kuwait,2016,Historical,724.0,,,724.0,0.0,"(2,1,1)",
Kuwait,2017,Historical,611.06,,,611.06,0.0,"(2,1,1)",
Kuwait,2018,Historical,616.32,,,616.32,0.0,"(2,1,1)",
Kuwait,2019,Historical,619.67,,,619.67,0.0,"(2,1,1)",
Kuwait,2020,Historical,510.61,,,510.61,0.0,"(2,1,1)",
Kuwait,2021,Historical,650.72,,,650.72,0.0,"(2,1,1)",
Kuwait,2022,Historical,704.73,,,704.73,0.0,"(2,1,1)",
Kuwait,2023,Historical,956.0,,,956.0,0.0,"(2,1,1)",
Kuwait,2024,Historical,948.38,,,948.38,0.0,"(2,1,1)",
Kuwait,2025,Forecast,1046.88,,,1046.88,0.0,"(2,1,1)",18.75
Kuwait,2026,Forecast,1018.29,,,1018.29,0.0,"(2,1,1)",18.75
Kuwait,2027,Forecast,1067.13,,,1067.13,0.0,"(2,1,1)",18.75
Kuwait,2028,Forecast,1042.52,,,1042.52,0.0,"(2,1,1)",18.75
Kuwait,2029,Forecast,1069.42,,,1069.42,0.0,"(2,1,1)",18.75
Kuwait,2030,Forecast,1052.13,,,1052.13,0.0,"(2,1,1)",18.75
Kuwait,2031,Forecast,1067.91,,,1067.91,0.0,"(2,1,1)",18.75
Netherlands,1971,Historical,-702.0,,,697.0,1399.0,"(2,1,1)",
Netherlands,1972,Historical,-775.0,,,763.0,1538.0,"(2,1,1)",
Netherlands,1973,Historical,-817.0,,,853.0,1670.0,"(2,1,1)",
Netherlands,1974,Historical,-733.0,,,804.0,1537.0,"(2,1,1)",
Netherlands,1975,Historical,-640.0,,,680.0,1320.0,"(2,1,1)",
Netherlands,1976,Historical,-761.0,,,741.0,1502.0,"(2,1,1)",
Netherlands,1977,Historical,-724.0,,,671.0,1395.0,"(2,1,1)",
Netherlands,1978,Historical,-757.0,,,663.0,1420.0,"(2,1,1)",
Netherlands,1979,Historical,-827.0,,,794.0,1621.0,"(2,1,1)",
Netherlands,1980,Historical,-752.0,,,860.0,1612.0,"(2,1,1)",
Netherlands,1981,Historical,-629.0,,,844.0,1473.0,"(2,1,1)",
Netherlands,1982,Historical,-558.0,,,971.0,1529.0,"(2,1,1)",
Netherlands,1983,Historical,-538.0,,,1074.0,1612.0,"(2,1,1)",
Netherlands,1984,Historical,-546.0,,,1086.0,1632.0,"(2,1,1)",
Netherlands,1985,Historical,-547.0,,,1082.0,1629.0,"(2,1,1)",
Netherlands,1986,Historical,-645.0,,,1191.0,1836.0,"(2,1,1)",
Netherlands,1987,Historical,-571.0,,,1187.0,1758.0,"(2,1,1)",
Netherlands,1988,Historical,-650.0,,,1160.0,1810.0,"(2,1,1)",
Netherlands,1989,Historical,-649.0,,,1244.0,1893.0,"(2,1,1)",
Netherlands,1990,Historical,-711.0,,,1193.0,1904.0,"(2,1,1)",
Netherlands,1991,Historical,-716.0,,,1171.0,1887.0,"(2,1,1)",
Netherlands,1992,Historical,-740.0,,,1102.0,1842.0,"(2,1,1)",
Netherlands,1993,Historical,-732.0,,,1148.0,1880.0,"(2,1,1)",
Netherlands,1994,Historical,-762.0,,,1083.0,1845.0,"(2,1,1)",
Netherlands,1995,Historical,-736.0,,,1134.0,1870.0,"(2,1,1)",
Netherlands,1996,Historical,-788.0,,,1147.0,1935.0,"(2,1,1)",
Netherlands,1997,Historical,-810.0,,,1224.0,2034.0,"(2,1,1)",
Netherlands,1998,Historical,-810.0,,,1203.0,2013.0,"(2,1,1)",
Netherlands,1999,Historical,-794.0,,,1198.0,1992.0,"(2,1,1)",
Netherlands,2000,Historical,-875.0,,,1283.0,2158.0,"(2,1,1)",
Netherlands,2001,Historical,-883.0,,,1316.0,2199.0,"(2,1,1)",
Netherlands,2002,Historical,-898.0,,,1301.0,2199.0,"(2,1,1)",
Netherlands,2003,Historical,-955.0,,,1291.0,2246.0,"(2,1,1)",
Netherlands,2004,Historical,-996.0,,,1459.0,2455.0,"(2,1,1)",
Netherlands,2005,Historical,-1030.0,,,1576.0,2606.0,"(2,1,1)",
Netherlands,2006,Historical,-1062.0,,,1669.0,2731.0,"(2,1,1)",
Netherlands,2007,Historical,-1032.0,,,1579.0,2611.0,"(2,1,1)",
Netherlands,2008,Historical,-1020.0,,,1668.0,2688.0,"(2,1,1)",
Netherlands,2009,Historical,-979.0,,,1862.0,2841.0,"(2,1,1)",
Netherlands,2010,Historical,-956.0,,,2062.0,3018.0,"(2,1,1)",
Netherlands,2011,Historical,-912.0,,,2040.0,2952.0,"(2,1,1)",
Netherlands,2012,Historical,-943.0,,,2112.0,3055.0,"(2,1,1)",
Netherlands,2013,Historical,-890.0,,,2101.0,2991.0,"(2,1,1)",
Netherlands,2014,Historical,-845.0,,,2081.0,2926.0,"(2,1,1)",
Netherlands,2015,Historical,-910.0,,,2320.0,3230.0,"(2,1,1)",
Netherlands,2016,Historical,-867.0,,,2360.0,3227.0,"(2,1,1)",
Netherlands,2017,Historical,-839.14,,,2401.26,3240.4,"(2,1,1)",
Netherlands,2018,Historical,-839.24,,,2389.96,3229.2,"(2,1,1)",
Netherlands,2019,Historical,-869.03,,,2297.67,3166.7,"(2,1,1)",
Netherlands,2020,Historical,-835.17,,,1932.03,2767.2,"(2,1,1)",
Netherlands,2021,Historical,-713.51,,,2267.29,2980.8,"(2,1,1)",
Netherlands,2022,Historical,-887.04,,,2249.56,3136.6,"(2,1,1)",
Netherlands,2023,Historical,-767.09,,,2214.41,2981.5,"(2,1,1)",
Netherlands,2024,Historical,-807.8,,,2126.5,2934.3,"(2,1,1)",
Netherlands,2024,Forecast,-2976.3,,,0.0,2976.3,,
Netherlands,2025,Forecast,-801.92,-1296.65,-307.29,2182.88,2984.8,"(2,1,1)",13.15
Netherlands,2026,Forecast,-761.66,-1309.02,-214.31,2212.14,2973.8,"(2,1,1)",13.15
Netherlands,2027,Forecast,-753.98,-1328.81,-179.15,2218.52,2972.5,"(2,1,1)",13.15
Netherlands,2028,Forecast,-756.86,-1358.24,-155.57,2218.44,2975.3,"(2,1,1)",13.15
Netherlands,2029,Forecast,-757.53,-1382.4,-132.77,2217.87,2975.4,"(2,1,1)",13.15
Netherlands,2030,Forecast,-757.05,-1403.15,-111.06,2217.65,2974.7,"(2,1,1)",13.15
Netherlands,2031,Forecast,2217.62,,,2217.62,0.0,"(2,1,1)",13.15
Russia,1971,Historical,0.0,,,0.0,0.0,"(1,1,1)",
Russia,1972,Historical,0.0,,,0.0,0.0,"(1,1,1)",
Russia,1973,Historical,0.0,,,0.0,0.0,"(1,1,1)",
Russia,1974,Historical,0.0,,,0.0,0.0,"(1,1,1)",
Russia,1975,Historical,0.0,,,0.0,0.0,"(1,1,1)",
Russia,1976,Historical,0.0,,,0.0,0.0,"(1,1,1)",
Russia,1977,Historical,0.0,,,0.0,0.0,"(1,1,1)",
Russia,1978,Historical,0.0,,,0.0,0.0,"(1,1,1)",
Russia,1979,Historical,0.0,,,0.0,0.0,"(1,1,1)",
Russia,1980,Historical,0.0,,,0.0,0.0,"(1,1,1)",
Russia,1981,Historical,0.0,,,0.0,0.0,"(1,1,1)",
Russia,1982,Historical,0.0,,,0.0,0.0,"(1,1,1)",
Russia,1983,Historical,0.0,,,0.0,0.0,"(1,1,1)",
Russia,1984,Historical,0.0,,,0.0,0.0,"(1,1,1)",
Russia,1985,Historical,0.0,,,0.0,0.0,"(1,1,1)",
Russia,1986,Historical,0.0,,,0.0,0.0,"(1,1,1)",
Russia,1987,Historical,0.0,,,0.0,0.0,"(1,1,1)",
Russia,1988,Historical,0.0,,,0.0,0.0,"(1,1,1)",
Russia,1989,Historical,0.0,,,0.0,0.0,"(1,1,1)",
Russia,1990,Historical,1302.0,,,1302.0,0.0,"(1,1,1)",
Russia,1991,Historical,1093.0,,,1093.0,0.0,"(1,1,1)",
Russia,1992,Historical,855.0,,,855.0,0.0,"(1,1,1)",
Russia,1993,Historical,854.0,,,854.0,0.0,"(1,1,1)",
Russia,1994,Historical,886.0,,,886.0,0.0,"(1,1,1)",
Russia,1995,Historical,905.0,,,905.0,0.0,"(1,1,1)",
Russia,1996,Historical,1061.0,,,1061.0,0.0,"(1,1,1)",
Russia,1997,Historical,1124.0,,,1124.0,0.0,"(1,1,1)",
Russia,1998,Historical,1003.0,,,1003.0,0.0,"(1,1,1)",
Russia,1999,Historical,949.0,,,949.0,0.0,"(1,1,1)",
Russia,2000,Historical,1053.0,,,1053.0,0.0,"(1,1,1)",
Russia,2001,Historical,1094.0,,,1094.0,0.0,"(1,1,1)",
Russia,2002,Historical,1302.0,,,1302.0,0.0,"(1,1,1)",
Russia,2003,Historical,1303.0,,,1303.0,0.0,"(1,1,1)",
Russia,2004,Historical,1391.0,,,1391.0,0.0,"(1,1,1)",
Russia,2005,Historical,1635.0,,,1635.0,0.0,"(1,1,1)",
Russia,2006,Historical,1712.0,,,1712.0,0.0,"(1,1,1)",
Russia,2007,Historical,1840.0,,,1840.0,0.0,"(1,1,1)",
Russia,2008,Historical,1886.0,,,1886.0,0.0,"(1,1,1)",
Russia,2009,Historical,1975.0,,,1975.0,0.0,"(1,1,1)",
Russia,2010,Historical,2194.0,,,2194.0,0.0,"(1,1,1)",
Russia,2011,Historical,2285.0,,,2285.0,0.0,"(1,1,1)",
Russia,2012,Historical,2430.0,,,2430.0,0.0,"(1,1,1)",
Russia,2013,Historical,2613.0,,,2613.0,0.0,"(1,1,1)",
Russia,2014,Historical,2684.0,,,2684.0,0.0,"(1,1,1)",
Russia,2015,Historical,2715.0,,,2715.0,0.0,"(1,1,1)",
Russia,2016,Historical,2522.0,,,2522.0,0.0,"(1,1,1)",
Russia,2017,Historical,2602.57,,,2602.57,0.0,"(1,1,1)",
Russia,2018,Historical,2664.26,,,2664.26,0.0,"(1,1,1)",
Russia,2019,Historical,2653.99,,,2653.99,0.0,"(1,1,1)",
Russia,2020,Historical,2471.19,,,2471.19,0.0,"(1,1,1)",
Russia,2021,Historical,2459.41,,,2459.41,0.0,"(1,1,1)",
Russia,2022,Historical,2300.0,,,2300.0,0.0,"(1,1,1)",
Russia,2023,Historical,2160.04,,,2160.04,0.0,"(1,1,1)",
Russia,2024,Historical,2061.2,,,2061.2,0.0,"(1,1,1)",
Russia,2025,Forecast,2009.84,,,2009.84,0.0,"(1,1,1)",11.62
Russia,2026,Forecast,1967.24,,,1967.24,0.0,"(1,1,1)",11.62
Russia,2027,Forecast,1931.92,,,1931.92,0.0,"(1,1,1)",11.62
Russia,2028,Forecast,1902.63,,,1902.63,0.0,"(1,1,1)",11.62
Russia,2029,Forecast,1878.34,,,1878.34,0.0,"(1,1,1)",11.62
Russia,2030,Forecast,1858.2,,,1858.2,0.0,"(1,1,1)",11.62
Russia,2031,Forecast,1841.5,,,1841.5,0.0,"(1,1,1)",11.62
Saudi Arabia,1971,Historical,287.0,,,287.0,0.0,"(2,1,2)",
Saudi Arabia,1972,Historical,273.0,,,273.0,0.0,"(2,1,2)",
Saudi Arabia,1973,Historical,317.0,,,317.0,0.0,"(2,1,2)",
Saudi Arabia,1974,Historical,328.0,,,328.0,0.0,"(2,1,2)",
Saudi Arabia,1975,Historical,364.0,,,364.0,0.0,"(2,1,2)",
Saudi Arabia,1976,Historical,484.0,,,484.0,0.0,"(2,1,2)",
Saudi Arabia,1977,Historical,479.0,,,479.0,0.0,"(2,1,2)",
Saudi Arabia,1978,Historical,503.0,,,503.0,0.0,"(2,1,2)",
Saudi Arabia,1979,Historical,532.0,,,532.0,0.0,"(2,1,2)",
Saudi Arabia,1980,Historical,559.0,,,559.0,0.0,"(2,1,2)",
Saudi Arabia,1981,Historical,607.0,,,607.0,0.0,"(2,1,2)",
Saudi Arabia,1982,Historical,580.0,,,580.0,0.0,"(2,1,2)",
Saudi Arabia,1983,Historical,487.0,,,487.0,0.0,"(2,1,2)",
Saudi Arabia,1984,Historical,617.0,,,617.0,0.0,"(2,1,2)",
Saudi Arabia,1985,Historical,628.0,,,628.0,0.0,"(2,1,2)",
Saudi Arabia,1986,Historical,854.0,,,854.0,0.0,"(2,1,2)",
Saudi Arabia,1987,Historical,1009.0,,,1009.0,0.0,"(2,1,2)",
Saudi Arabia,1988,Historical,1076.0,,,1076.0,0.0,"(2,1,2)",
Saudi Arabia,1989,Historical,1133.0,,,1133.0,0.0,"(2,1,2)",
Saudi Arabia,1990,Historical,1381.0,,,1381.0,0.0,"(2,1,2)",
Saudi Arabia,1991,Historical,1221.0,,,1221.0,0.0,"(2,1,2)",
Saudi Arabia,1992,Historical,1282.0,,,1282.0,0.0,"(2,1,2)",
Saudi Arabia,1993,Historical,1258.0,,,1258.0,0.0,"(2,1,2)",
Saudi Arabia,1994,Historical,1314.0,,,1314.0,0.0,"(2,1,2)",
Saudi Arabia,1995,Historical,1315.0,,,1315.0,0.0,"(2,1,2)",
Saudi Arabia,1996,Historical,1463.0,,,1463.0,0.0,"(2,1,2)",
Saudi Arabia,1997,Historical,1393.0,,,1393.0,0.0,"(2,1,2)",
Saudi Arabia,1998,Historical,1350.0,,,1350.0,0.0,"(2,1,2)",
Saudi Arabia,1999,Historical,1270.0,,,1270.0,0.0,"(2,1,2)",
Saudi Arabia,2000,Historical,1143.0,,,1143.0,0.0,"(2,1,2)",
Saudi Arabia,2001,Historical,1069.0,,,1069.0,0.0,"(2,1,2)",
Saudi Arabia,2002,Historical,980.0,,,980.0,0.0,"(2,1,2)",
Saudi Arabia,2003,Historical,1135.0,,,1135.0,0.0,"(2,1,2)",
Saudi Arabia,2004,Historical,1252.0,,,1252.0,0.0,"(2,1,2)",
Saudi Arabia,2005,Historical,1312.0,,,1312.0,0.0,"(2,1,2)",
Saudi Arabia,2006,Historical,1214.0,,,1214.0,0.0,"(2,1,2)",
Saudi Arabia,2007,Historical,1047.0,,,1047.0,0.0,"(2,1,2)",
Saudi Arabia,2008,Historical,1125.0,,,1125.0,0.0,"(2,1,2)",
Saudi Arabia,2009,Historical,1139.0,,,1139.0,0.0,"(2,1,2)",
Saudi Arabia,2010,Historical,1084.0,,,1084.0,0.0,"(2,1,2)",
Saudi Arabia,2011,Historical,959.0,,,959.0,0.0,"(2,1,2)",
Saudi Arabia,2012,Historical,1082.0,,,1082.0,0.0,"(2,1,2)",
Saudi Arabia,2013,Historical,1004.0,,,1004.0,0.0,"(2,1,2)",
Saudi Arabia,2014,Historical,1190.0,,,1190.0,0.0,"(2,1,2)",
Saudi Arabia,2015,Historical,1381.0,,,1381.0,0.0,"(2,1,2)",
Saudi Arabia,2016,Historical,1718.0,,,1718.0,0.0,"(2,1,2)",
Saudi Arabia,2017,Historical,1675.97,,,1675.97,0.0,"(2,1,2)",
Saudi Arabia,2018,Historical,2174.11,,,2174.11,0.0,"(2,1,2)",
Saudi Arabia,2019,Historical,1528.07,,,1528.07,0.0,"(2,1,2)",
Saudi Arabia,2020,Historical,1291.55,,,1291.55,0.0,"(2,1,2)",
Saudi Arabia,2021,Historical,1522.28,,,1522.28,0.0,"(2,1,2)",
Saudi Arabia,2022,Historical,1683.3,,,1683.3,0.0,"(2,1,2)",
Saudi Arabia,2023,Historical,1465.61,,,1465.61,0.0,"(2,1,2)",
Saudi Arabia,2024,Historical,1578.21,,,1578.21,0.0,"(2,1,2)",
Saudi Arabia,2025,Forecast,1471.96,,,1471.96,0.0,"(2,1,2)",23.03
Saudi Arabia,2026,Forecast,1525.88,,,1525.88,0.0,"(2,1,2)",23.03
Saudi Arabia,2027,Forecast,1436.1,,,1436.1,0.0,"(2,1,2)",23.03
Saudi Arabia,2028,Forecast,1501.3,,,1501.3,0.0,"(2,1,2)",23.03
Saudi Arabia,2029,Forecast,1419.26,,,1419.26,0.0,"(2,1,2)",23.03
Saudi Arabia,2030,Forecast,1489.76,,,1489.76,0.0,"(2,1,2)",23.03
Saudi Arabia,2031,Forecast,1411.35,,,1411.35,0.0,"(2,1,2)",23.03
Singapore,1971,Historical,-132.0,,,306.0,438.0,"(2,1,1)",
Singapore,1972,Historical,-214.0,,,320.0,534.0,"(2,1,1)",
Singapore,1973,Historical,-241.0,,,333.0,574.0,"(2,1,1)",
Singapore,1974,Historical,-231.0,,,365.0,596.0,"(2,1,1)",
Singapore,1975,Historical,-245.0,,,289.0,534.0,"(2,1,1)",
Singapore,1976,Historical,-274.0,,,332.0,606.0,"(2,1,1)",
Singapore,1977,Historical,-265.0,,,399.0,664.0,"(2,1,1)",
Singapore,1978,Historical,-236.0,,,397.0,633.0,"(2,1,1)",
Singapore,1979,Historical,-215.0,,,440.0,655.0,"(2,1,1)",
Singapore,1980,Historical,-154.0,,,568.0,722.0,"(2,1,1)",
Singapore,1981,Historical,-230.0,,,666.0,896.0,"(2,1,1)",
Singapore,1982,Historical,-256.0,,,734.0,990.0,"(2,1,1)",
Singapore,1983,Historical,-250.0,,,745.0,995.0,"(2,1,1)",
Singapore,1984,Historical,-231.0,,,611.0,842.0,"(2,1,1)",
Singapore,1985,Historical,-209.0,,,582.0,791.0,"(2,1,1)",
Singapore,1986,Historical,-289.0,,,580.0,869.0,"(2,1,1)",
Singapore,1987,Historical,-396.0,,,583.0,979.0,"(2,1,1)",
Singapore,1988,Historical,-453.0,,,624.0,1077.0,"(2,1,1)",
Singapore,1989,Historical,-410.0,,,673.0,1083.0,"(2,1,1)",
Singapore,1990,Historical,-467.0,,,740.0,1207.0,"(2,1,1)",
Singapore,1991,Historical,-504.0,,,755.0,1259.0,"(2,1,1)",
Singapore,1992,Historical,-548.0,,,813.0,1361.0,"(2,1,1)",
Singapore,1993,Historical,-616.0,,,880.0,1496.0,"(2,1,1)",
Singapore,1994,Historical,-653.0,,,960.0,1613.0,"(2,1,1)",
Singapore,1995,Historical,-587.0,,,981.0,1568.0,"(2,1,1)",
Singapore,1996,Historical,-649.0,,,1045.0,1694.0,"(2,1,1)",
Singapore,1997,Historical,-782.0,,,973.0,1755.0,"(2,1,1)",
Singapore,1998,Historical,-717.0,,,969.0,1686.0,"(2,1,1)",
Singapore,1999,Historical,-728.0,,,940.0,1668.0,"(2,1,1)",
Singapore,2000,Historical,-751.0,,,845.0,1596.0,"(2,1,1)",
Singapore,2001,Historical,-813.0,,,840.0,1653.0,"(2,1,1)",
Singapore,2002,Historical,-786.0,,,907.0,1693.0,"(2,1,1)",
Singapore,2003,Historical,-844.0,,,980.0,1824.0,"(2,1,1)",
Singapore,2004,Historical,-1022.0,,,1082.0,2104.0,"(2,1,1)",
Singapore,2005,Historical,-855.0,,,1284.0,2139.0,"(2,1,1)",
Singapore,2006,Historical,-934.0,,,1337.0,2271.0,"(2,1,1)",
Singapore,2007,Historical,-969.0,,,1437.0,2406.0,"(2,1,1)",
Singapore,2008,Historical,-1088.0,,,1562.0,2650.0,"(2,1,1)",
Singapore,2009,Historical,-1202.0,,,1653.0,2855.0,"(2,1,1)",
Singapore,2010,Historical,-1200.0,,,1759.0,2959.0,"(2,1,1)",
Singapore,2011,Historical,-1174.0,,,1872.0,3046.0,"(2,1,1)",
Singapore,2012,Historical,-1274.0,,,1678.0,2952.0,"(2,1,1)",
Singapore,2013,Historical,-1325.0,,,1685.0,3010.0,"(2,1,1)",
Singapore,2014,Historical,-1275.0,,,1716.0,2991.0,"(2,1,1)",
Singapore,2015,Historical,-1383.0,,,1819.0,3202.0,"(2,1,1)",
Singapore,2016,Historical,-1435.0,,,1955.0,3390.0,"(2,1,1)",
Singapore,2017,Historical,-1546.31,,,2024.59,3570.9,"(2,1,1)",
Singapore,2018,Historical,-1517.18,,,1693.42,3210.6,"(2,1,1)",
Singapore,2019,Historical,-1471.75,,,1703.95,3175.7,"(2,1,1)",
Singapore,2020,Historical,-1424.56,,,1481.34,2905.9,"(2,1,1)",
Singapore,2021,Historical,-1376.62,,,1448.68,2825.3,"(2,1,1)",
Singapore,2022,Historical,-1444.2,,,1417.1,2861.3,"(2,1,1)",
Singapore,2023,Historical,-1500.68,,,1537.42,3038.1,"(2,1,1)",
Singapore,2024,Historical,1398.51,,,1398.51,0.0,"(2,1,1)",
Singapore,2024,Forecast,-3137.9,,,0.0,3137.9,,
Singapore,2025,Forecast,-1746.35,-2244.48,-1248.23,1447.85,3194.2,"(2,1,1)",13.98
Singapore,2026,Forecast,-1814.82,-2548.55,-1081.09,1379.38,3194.2,"(2,1,1)",13.98
Singapore,2027,Forecast,-1750.46,-2677.12,-823.81,1443.74,3194.2,"(2,1,1)",13.98
Singapore,2028,Forecast,-1815.68,-2894.09,-737.27,1378.52,3194.2,"(2,1,1)",13.98
Singapore,2029,Forecast,-1750.67,-2969.67,-531.67,1443.53,3194.2,"(2,1,1)",13.98
Singapore,2030,Forecast,-1815.7,-3153.98,-477.42,1378.5,3194.2,"(2,1,1)",13.98
Singapore,2031,Forecast,1443.5,,,1443.5,0.0,"(2,1,1)",13.98
South Korea,1971,Historical,-214.0,,,20.0,234.0,"(1,1,2)",
South Korea,1972,Historical,-237.0,,,16.0,253.0,"(1,1,2)",
South Korea,1973,Historical,-261.0,,,22.0,283.0,"(1,1,2)",
South Korea,1974,Historical,-290.0,,,23.0,313.0,"(1,1,2)",
South Korea,1975,Historical,-306.0,,,22.0,328.0,"(1,1,2)",
South Korea,1976,Historical,-333.0,,,29.0,362.0,"(1,1,2)",
South Korea,1977,Historical,-416.0,,,22.0,438.0,"(1,1,2)",
South Korea,1978,Historical,-459.0,,,7.0,466.0,"(1,1,2)",
South Korea,1979,Historical,-534.0,,,2.0,536.0,"(1,1,2)",
South Korea,1980,Historical,-538.0,,,0.0,538.0,"(1,1,2)",
South Korea,1981,Historical,-532.0,,,8.0,540.0,"(1,1,2)",
South Korea,1982,Historical,-524.0,,,19.0,543.0,"(1,1,2)",
South Korea,1983,Historical,-543.0,,,44.0,587.0,"(1,1,2)",
South Korea,1984,Historical,-547.0,,,65.0,612.0,"(1,1,2)",
South Korea,1985,Historical,-536.0,,,72.0,608.0,"(1,1,2)",
South Korea,1986,Historical,-641.0,,,74.0,715.0,"(1,1,2)",
South Korea,1987,Historical,-635.0,,,88.0,723.0,"(1,1,2)",
South Korea,1988,Historical,-743.0,,,84.0,827.0,"(1,1,2)",
South Korea,1989,Historical,-852.0,,,94.0,946.0,"(1,1,2)",
South Korea,1990,Historical,-1046.0,,,74.0,1120.0,"(1,1,2)",
South Korea,1991,Historical,-1202.0,,,190.0,1392.0,"(1,1,2)",
South Korea,1992,Historical,-1510.0,,,250.0,1760.0,"(1,1,2)",
South Korea,1993,Historical,-1706.0,,,282.0,1988.0,"(1,1,2)",
South Korea,1994,Historical,-1886.0,,,236.0,2122.0,"(1,1,2)",
South Korea,1995,Historical,-2007.0,,,311.0,2318.0,"(1,1,2)",
South Korea,1996,Historical,-2194.0,,,423.0,2617.0,"(1,1,2)",
South Korea,1997,Historical,-2331.0,,,624.0,2955.0,"(1,1,2)",
South Korea,1998,Historical,-1967.0,,,807.0,2774.0,"(1,1,2)",
South Korea,1999,Historical,-2143.0,,,803.0,2946.0,"(1,1,2)",
South Korea,2000,Historical,-2227.0,,,821.0,3048.0,"(1,1,2)",
South Korea,2001,Historical,-2157.0,,,808.0,2965.0,"(1,1,2)",
South Korea,2002,Historical,-2167.0,,,649.0,2816.0,"(1,1,2)",
South Korea,2003,Historical,-2214.0,,,574.0,2788.0,"(1,1,2)",
South Korea,2004,Historical,-2188.0,,,644.0,2832.0,"(1,1,2)",
South Korea,2005,Historical,-2106.0,,,711.0,2817.0,"(1,1,2)",
South Korea,2006,Historical,-2165.0,,,791.0,2956.0,"(1,1,2)",
South Korea,2007,Historical,-2169.0,,,800.0,2969.0,"(1,1,2)",
South Korea,2008,Historical,-2056.0,,,912.0,2968.0,"(1,1,2)",
South Korea,2009,Historical,-2155.0,,,907.0,3062.0,"(1,1,2)",
South Korea,2010,Historical,-2241.0,,,936.0,3177.0,"(1,1,2)",
South Korea,2011,Historical,-2186.0,,,1118.0,3304.0,"(1,1,2)",
South Korea,2012,Historical,-2243.0,,,1204.0,3447.0,"(1,1,2)",
South Korea,2013,Historical,-2221.0,,,1174.0,3395.0,"(1,1,2)",
South Korea,2014,Historical,-2208.0,,,1228.0,3436.0,"(1,1,2)",
South Korea,2015,Historical,-2353.0,,,1307.0,3660.0,"(1,1,2)",
South Korea,2016,Historical,-2538.0,,,1331.0,3869.0,"(1,1,2)",
South Korea,2017,Historical,-2538.34,,,1389.46,3927.8,"(1,1,2)",
South Korea,2018,Historical,-2530.02,,,1464.78,3994.8,"(1,1,2)",
South Korea,2019,Historical,-2445.16,,,1446.94,3892.1,"(1,1,2)",
South Korea,2020,Historical,-2340.91,,,1284.89,3625.8,"(1,1,2)",
South Korea,2021,Historical,-2487.26,,,1228.04,3715.3,"(1,1,2)",
South Korea,2022,Historical,-2420.85,,,1372.25,3793.1,"(1,1,2)",
South Korea,2023,Historical,-2413.79,,,1363.81,3777.6,"(1,1,2)",
South Korea,2024,Historical,-2443.39,,,1411.31,3854.7,"(1,1,2)",
South Korea,2024,Forecast,-3883.1,,,0.0,3883.1,,
South Korea,2025,Forecast,-2445.5,-2824.8,-2066.1,1461.8,3907.3,"(1,1,2)",12.61
South Korea,2026,Forecast,-2519.01,-3083.11,-1954.91,1408.79,3927.8,"(1,1,2)",12.61
South Korea,2027,Forecast,-2549.5,-3233.24,-1865.85,1395.7,3945.2,"(1,1,2)",12.61
South Korea,2028,Forecast,-2567.63,-3361.42,-1773.73,1392.47,3960.1,"(1,1,2)",12.61
South Korea,2029,Forecast,-2581.02,-3481.38,-1680.57,1391.68,3972.7,"(1,1,2)",12.61
South Korea,2030,Forecast,-2591.92,-3596.15,-1587.69,1391.48,3983.4,"(1,1,2)",12.61
South Korea,2031,Forecast,1391.43,,,1391.43,0.0,"(1,1,2)",12.61
Spain,1971,Historical,-755.0,,,0.0,755.0,,
Spain,1972,Historical,-787.0,,,0.0,787.0,,
Spain,1973,Historical,-902.0,,,0.0,902.0,,
Spain,1974,Historical,-925.0,,,0.0,925.0,,
Spain,1975,Historical,-881.0,,,0.0,881.0,,
Spain,1976,Historical,-1020.0,,,0.0,1020.0,,
Spain,1977,Historical,-1008.0,,,0.0,1008.0,,
Spain,1978,Historical,-1021.0,,,0.0,1021.0,,
Spain,1979,Historical,-1039.0,,,0.0,1039.0,,
Spain,1980,Historical,-1065.0,,,0.0,1065.0,,
Spain,1981,Historical,-1044.0,,,0.0,1044.0,,
Spain,1982,Historical,-1073.0,,,0.0,1073.0,,
Spain,1983,Historical,-1092.0,,,0.0,1092.0,,
Spain,1984,Historical,-1029.0,,,0.0,1029.0,,
Spain,1985,Historical,-1007.0,,,0.0,1007.0,,
Spain,1986,Historical,-1072.0,,,0.0,1072.0,,
Spain,1987,Historical,-1081.0,,,0.0,1081.0,,
Spain,1988,Historical,-1192.0,,,0.0,1192.0,,
Spain,1989,Historical,-1206.0,,,0.0,1206.0,,
Spain,1990,Historical,-1237.0,,,0.0,1237.0,,
Spain,1991,Historical,-1281.0,,,0.0,1281.0,,
Spain,1992,Historical,-1311.0,,,0.0,1311.0,,
Spain,1993,Historical,-1275.0,,,0.0,1275.0,,
Spain,1994,Historical,-1335.0,,,0.0,1335.0,,
Spain,1995,Historical,-1370.0,,,0.0,1370.0,,
Spain,1996,Historical,-1344.0,,,0.0,1344.0,,
Spain,1997,Historical,-1428.0,,,0.0,1428.0,,
Spain,1998,Historical,-1545.0,,,0.0,1545.0,,
Spain,1999,Historical,-1543.0,,,0.0,1543.0,,
Spain,2000,Historical,-1586.0,,,0.0,1586.0,,
Spain,2001,Historical,-1598.0,,,0.0,1598.0,,
Spain,2002,Historical,-1627.0,,,0.0,1627.0,,
Spain,2003,Historical,-1656.0,,,0.0,1656.0,,
Spain,2004,Historical,-1707.0,,,0.0,1707.0,,
Spain,2005,Historical,-1771.0,,,0.0,1771.0,,
Spain,2006,Historical,-1797.0,,,0.0,1797.0,,
Spain,2007,Historical,-1814.0,,,0.0,1814.0,,
Spain,2008,Historical,-1754.0,,,0.0,1754.0,,
Spain,2009,Historical,-1653.0,,,0.0,1653.0,,
Spain,2010,Historical,-1624.0,,,0.0,1624.0,,
Spain,2011,Historical,-1602.0,,,0.0,1602.0,,
Spain,2012,Historical,-1586.0,,,0.0,1586.0,,
Spain,2013,Historical,-1571.0,,,0.0,1571.0,,
Spain,2014,Historical,-1602.0,,,0.0,1602.0,,
Spain,2015,Historical,-1688.0,,,0.0,1688.0,,
Spain,2016,Historical,-1721.0,,,0.0,1721.0,,
Spain,2017,Historical,-1807.0,,,0.0,1807.0,,
Spain,2018,Historical,-1789.5,,,0.0,1789.5,,
Spain,2019,Historical,-1772.9,,,0.0,1772.9,,
Spain,2020,Historical,-1494.7,,,0.0,1494.7,,
Spain,2021,Historical,-1545.6,,,0.0,1545.6,,
Spain,2022,Historical,-1676.9,,,0.0,1676.9,,
Spain,2023,Historical,-1634.5,,,0.0,1634.5,,
Spain,2024,Historical,-1730.0,,,0.0,1730.0,,
Spain,2024,Forecast,-1738.7,,,0.0,1738.7,,
Spain,2025,Forecast,-1738.7,,,0.0,1738.7,,
Spain,2026,Forecast,-1738.7,,,0.0,1738.7,,
Spain,2027,Forecast,-1738.7,,,0.0,1738.7,,
Spain,2028,Forecast,-1738.7,,,0.0,1738.7,,
Spain,2029,Forecast,-1738.7,,,0.0,1738.7,,
Spain,2030,Forecast,-1738.7,,,0.0,1738.7,,
UAE,1977,Historical,2.0,,,2.0,0.0,"(2,1,1)",
UAE,1978,Historical,4.0,,,4.0,0.0,"(2,1,1)",
UAE,1979,Historical,14.0,,,14.0,0.0,"(2,1,1)",
UAE,1980,Historical,18.0,,,18.0,0.0,"(2,1,1)",
UAE,1981,Historical,48.0,,,48.0,0.0,"(2,1,1)",
UAE,1982,Historical,60.0,,,60.0,0.0,"(2,1,1)",
UAE,1983,Historical,89.0,,,89.0,0.0,"(2,1,1)",
UAE,1984,Historical,98.0,,,98.0,0.0,"(2,1,1)",
UAE,1985,Historical,127.0,,,127.0,0.0,"(2,1,1)",
UAE,1986,Historical,135.0,,,135.0,0.0,"(2,1,1)",
UAE,1987,Historical,131.0,,,131.0,0.0,"(2,1,1)",
UAE,1988,Historical,102.0,,,102.0,0.0,"(2,1,1)",
UAE,1989,Historical,122.0,,,122.0,0.0,"(2,1,1)",
UAE,1990,Historical,139.0,,,139.0,0.0,"(2,1,1)",
UAE,1991,Historical,158.0,,,158.0,0.0,"(2,1,1)",
UAE,1992,Historical,182.0,,,182.0,0.0,"(2,1,1)",
UAE,1993,Historical,188.0,,,188.0,0.0,"(2,1,1)",
UAE,1994,Historical,159.0,,,159.0,0.0,"(2,1,1)",
UAE,1995,Historical,173.0,,,173.0,0.0,"(2,1,1)",
UAE,1996,Historical,187.0,,,187.0,0.0,"(2,1,1)",
UAE,1997,Historical,199.0,,,199.0,0.0,"(2,1,1)",
UAE,1998,Historical,244.0,,,244.0,0.0,"(2,1,1)",
UAE,1999,Historical,384.0,,,384.0,0.0,"(2,1,1)",
UAE,2000,Historical,532.0,,,532.0,0.0,"(2,1,1)",
UAE,2001,Historical,483.0,,,483.0,0.0,"(2,1,1)",
UAE,2002,Historical,460.0,,,460.0,0.0,"(2,1,1)",
UAE,2003,Historical,503.0,,,503.0,0.0,"(2,1,1)",
UAE,2004,Historical,578.0,,,578.0,0.0,"(2,1,1)",
UAE,2005,Historical,582.0,,,582.0,0.0,"(2,1,1)",
UAE,2006,Historical,472.0,,,472.0,0.0,"(2,1,1)",
UAE,2007,Historical,451.0,,,451.0,0.0,"(2,1,1)",
UAE,2008,Historical,450.0,,,450.0,0.0,"(2,1,1)",
UAE,2009,Historical,457.0,,,457.0,0.0,"(2,1,1)",
UAE,2010,Historical,543.0,,,543.0,0.0,"(2,1,1)",
UAE,2011,Historical,639.0,,,639.0,0.0,"(2,1,1)",
UAE,2012,Historical,707.0,,,707.0,0.0,"(2,1,1)",
UAE,2013,Historical,751.0,,,751.0,0.0,"(2,1,1)",
UAE,2014,Historical,527.0,,,527.0,0.0,"(2,1,1)",
UAE,2015,Historical,764.0,,,764.0,0.0,"(2,1,1)",
UAE,2016,Historical,913.0,,,913.0,0.0,"(2,1,1)",
UAE,2017,Historical,959.37,,,959.37,0.0,"(2,1,1)",
UAE,2018,Historical,979.52,,,979.52,0.0,"(2,1,1)",
UAE,2019,Historical,1033.86,,,1033.86,0.0,"(2,1,1)",
UAE,2020,Historical,1075.03,,,1075.03,0.0,"(2,1,1)",
UAE,2021,Historical,1163.69,,,1163.69,0.0,"(2,1,1)",
UAE,2022,Historical,1167.07,,,1167.07,0.0,"(2,1,1)",
UAE,2023,Historical,1157.14,,,1157.14,0.0,"(2,1,1)",
UAE,2024,Historical,1220.94,,,1220.94,0.0,"(2,1,1)",
UAE,2025,Forecast,1212.99,,,1212.99,0.0,"(2,1,1)",18.38
UAE,2026,Forecast,1217.31,,,1217.31,0.0,"(2,1,1)",18.38
UAE,2027,Forecast,1213.33,,,1213.33,0.0,"(2,1,1)",18.38
UAE,2028,Forecast,1217.18,,,1217.18,0.0,"(2,1,1)",18.38
UAE,2029,Forecast,1213.44,,,1213.44,0.0,"(2,1,1)",18.38
UAE,2030,Forecast,1217.08,,,1217.08,0.0,"(2,1,1)",18.38
UAE,2031,Forecast,1213.54,,,1213.54,0.0,"(2,1,1)",18.38
UK,1971,Historical,339.0,,,339.0,0.0,"(1,1,1)",
UK,1972,Historical,318.0,,,318.0,0.0,"(1,1,1)",
UK,1973,Historical,348.0,,,348.0,0.0,"(1,1,1)",
UK,1974,Historical,296.0,,,296.0,0.0,"(1,1,1)",
UK,1975,Historical,280.0,,,280.0,0.0,"(1,1,1)",
UK,1976,Historical,320.0,,,320.0,0.0,"(1,1,1)",
UK,1977,Historical,288.0,,,288.0,0.0,"(1,1,1)",
UK,1978,Historical,272.0,,,272.0,0.0,"(1,1,1)",
UK,1979,Historical,266.0,,,266.0,0.0,"(1,1,1)",
UK,1980,Historical,284.0,,,284.0,0.0,"(1,1,1)",
UK,1981,Historical,251.0,,,251.0,0.0,"(1,1,1)",
UK,1982,Historical,264.0,,,264.0,0.0,"(1,1,1)",
UK,1983,Historical,281.0,,,281.0,0.0,"(1,1,1)",
UK,1984,Historical,269.0,,,269.0,0.0,"(1,1,1)",
UK,1985,Historical,314.0,,,314.0,0.0,"(1,1,1)",
UK,1986,Historical,323.0,,,323.0,0.0,"(1,1,1)",
UK,1987,Historical,314.0,,,314.0,0.0,"(1,1,1)",
UK,1988,Historical,336.0,,,336.0,0.0,"(1,1,1)",
UK,1989,Historical,356.0,,,356.0,0.0,"(1,1,1)",
UK,1990,Historical,354.0,,,354.0,0.0,"(1,1,1)",
UK,1991,Historical,404.0,,,404.0,0.0,"(1,1,1)",
UK,1992,Historical,420.0,,,420.0,0.0,"(1,1,1)",
UK,1993,Historical,477.0,,,477.0,0.0,"(1,1,1)",
UK,1994,Historical,463.0,,,463.0,0.0,"(1,1,1)",
UK,1995,Historical,456.0,,,456.0,0.0,"(1,1,1)",
UK,1996,Historical,496.0,,,496.0,0.0,"(1,1,1)",
UK,1997,Historical,558.0,,,558.0,0.0,"(1,1,1)",
UK,1998,Historical,507.0,,,507.0,0.0,"(1,1,1)",
UK,1999,Historical,447.0,,,447.0,0.0,"(1,1,1)",
UK,2000,Historical,426.0,,,426.0,0.0,"(1,1,1)",
UK,2001,Historical,391.0,,,391.0,0.0,"(1,1,1)",
UK,2002,Historical,492.0,,,492.0,0.0,"(1,1,1)",
UK,2003,Historical,484.0,,,484.0,0.0,"(1,1,1)",
UK,2004,Historical,637.0,,,637.0,0.0,"(1,1,1)",
UK,2005,Historical,627.0,,,627.0,0.0,"(1,1,1)",
UK,2006,Historical,609.0,,,609.0,0.0,"(1,1,1)",
UK,2007,Historical,636.0,,,636.0,0.0,"(1,1,1)",
UK,2008,Historical,603.0,,,603.0,0.0,"(1,1,1)",
UK,2009,Historical,537.0,,,537.0,0.0,"(1,1,1)",
UK,2010,Historical,553.0,,,553.0,0.0,"(1,1,1)",
UK,2011,Historical,588.0,,,588.0,0.0,"(1,1,1)",
UK,2012,Historical,636.0,,,636.0,0.0,"(1,1,1)",
UK,2013,Historical,579.0,,,579.0,0.0,"(1,1,1)",
UK,2014,Historical,486.0,,,486.0,0.0,"(1,1,1)",
UK,2015,Historical,494.0,,,494.0,0.0,"(1,1,1)",
UK,2016,Historical,524.0,,,524.0,0.0,"(1,1,1)",
UK,2017,Historical,505.66,,,505.66,0.0,"(1,1,1)",
UK,2018,Historical,484.74,,,484.74,0.0,"(1,1,1)",
UK,2019,Historical,450.07,,,450.07,0.0,"(1,1,1)",
UK,2020,Historical,396.71,,,396.71,0.0,"(1,1,1)",
UK,2021,Historical,392.49,,,392.49,0.0,"(1,1,1)",
UK,2022,Historical,452.58,,,452.58,0.0,"(1,1,1)",
UK,2023,Historical,407.62,,,407.62,0.0,"(1,1,1)",
UK,2024,Historical,408.66,,,408.66,0.0,"(1,1,1)",
UK,2025,Forecast,423.92,,,423.92,0.0,"(1,1,1)",15.23
UK,2026,Forecast,413.19,,,413.19,0.0,"(1,1,1)",15.23
UK,2027,Forecast,420.73,,,420.73,0.0,"(1,1,1)",15.23
UK,2028,Forecast,415.43,,,415.43,0.0,"(1,1,1)",15.23
UK,2029,Forecast,419.16,,,419.16,0.0,"(1,1,1)",15.23
UK,2030,Forecast,416.54,,,416.54,0.0,"(1,1,1)",15.23
UK,2031,Forecast,418.38,,,418.38,0.0,"(1,1,1)",15.23
USA,1971,Historical,-3692.0,,,224.0,3916.0,"(2,1,0)",
USA,1972,Historical,-4494.0,,,223.0,4717.0,"(2,1,0)",
USA,1973,Historical,-5945.0,,,230.0,6175.0,"(2,1,0)",
USA,1974,Historical,-5808.0,,,219.0,6027.0,"(2,1,0)",
USA,1975,Historical,-6190.0,,,180.0,6370.0,"(2,1,0)",
USA,1976,Historical,-7333.0,,,196.0,7529.0,"(2,1,0)",
USA,1977,Historical,-9085.0,,,187.0,9272.0,"(2,1,0)",
USA,1978,Historical,-8478.0,,,179.0,8657.0,"(2,1,0)",
USA,1979,Historical,-8408.0,,,224.0,8632.0,"(2,1,0)",
USA,1980,Historical,-6778.0,,,217.0,6995.0,"(2,1,0)",
USA,1981,Historical,-5825.0,,,286.0,6111.0,"(2,1,0)",
USA,1982,Historical,-4761.0,,,531.0,5292.0,"(2,1,0)",
USA,1983,Historical,-4733.0,,,499.0,5232.0,"(2,1,0)",
USA,1984,Historical,-5129.0,,,488.0,5617.0,"(2,1,0)",
USA,1985,Historical,-4754.0,,,516.0,5270.0,"(2,1,0)",
USA,1986,Historical,-5834.0,,,600.0,6434.0,"(2,1,0)",
USA,1987,Historical,-6293.0,,,592.0,6885.0,"(2,1,0)",
USA,1988,Historical,-6932.0,,,622.0,7554.0,"(2,1,0)",
USA,1989,Historical,-7495.0,,,691.0,8186.0,"(2,1,0)",
USA,1990,Historical,-7479.0,,,732.0,8211.0,"(2,1,0)",
USA,1991,Historical,-6995.0,,,854.0,7849.0,"(2,1,0)",
USA,1992,Historical,-7423.0,,,812.0,8235.0,"(2,1,0)",
USA,1993,Historical,-8131.0,,,864.0,8995.0,"(2,1,0)",
USA,1994,Historical,-8589.0,,,796.0,9385.0,"(2,1,0)",
USA,1995,Historical,-8414.0,,,783.0,9197.0,"(2,1,0)",
USA,1996,Historical,-9083.0,,,812.0,9895.0,"(2,1,0)",
USA,1997,Historical,-9811.0,,,844.0,10655.0,"(2,1,0)",
USA,1998,Historical,-10423.0,,,754.0,11177.0,"(2,1,0)",
USA,1999,Historical,-10586.0,,,747.0,11333.0,"(2,1,0)",
USA,2000,Historical,-11094.0,,,889.0,11983.0,"(2,1,0)",
USA,2001,Historical,-11552.0,,,893.0,12445.0,"(2,1,0)",
USA,2002,Historical,-11210.0,,,901.0,12111.0,"(2,1,0)",
USA,2003,Historical,-11945.0,,,954.0,12899.0,"(2,1,0)",
USA,2004,Historical,-12821.0,,,976.0,13797.0,"(2,1,0)",
USA,2005,Historical,-13292.0,,,1059.0,14351.0,"(2,1,0)",
USA,2006,Historical,-13174.0,,,1185.0,14359.0,"(2,1,0)",
USA,2007,Historical,-12793.0,,,1304.0,14097.0,"(2,1,0)",
USA,2008,Historical,-11857.0,,,1694.0,13551.0,"(2,1,0)",
USA,2009,Historical,-10467.0,,,1825.0,12292.0,"(2,1,0)",
USA,2010,Historical,-10276.0,,,2114.0,12390.0,"(2,1,0)",
USA,2011,Historical,-9270.0,,,2592.0,11862.0,"(2,1,0)",
USA,2012,Historical,-7966.0,,,2711.0,10677.0,"(2,1,0)",
USA,2013,Historical,-7151.0,,,2799.0,9950.0,"(2,1,0)",
USA,2014,Historical,-5968.0,,,3385.0,9353.0,"(2,1,0)",
USA,2015,Historical,-5817.0,,,3723.0,9540.0,"(2,1,0)",
USA,2016,Historical,-5981.0,,,4117.0,10098.0,"(2,1,0)",
USA,2017,Historical,-5559.15,,,4657.25,10216.4,"(2,1,0)",
USA,2018,Historical,-5066.83,,,4975.87,10042.7,"(2,1,0)",
USA,2019,Historical,-4209.54,,,5022.86,9232.4,"(2,1,0)",
USA,2020,Historical,-3209.48,,,4782.32,7991.8,"(2,1,0)",
USA,2021,Historical,-3550.77,,,4991.73,8542.5,"(2,1,0)",
USA,2022,Historical,-2941.47,,,5423.93,8365.4,"(2,1,0)",
USA,2023,Historical,-3003.48,,,5592.32,8595.8,"(2,1,0)",
USA,2024,Historical,-2542.99,,,5840.91,8383.9,"(2,1,0)",
USA,2024,Forecast,-8298.5,,,0.0,8298.5,,
USA,2025,Forecast,-2226.86,-4120.92,-332.9,6037.14,8264.0,"(2,1,0)",12.55
USA,2026,Forecast,-2069.3,-4971.63,832.92,6180.8,8250.1,"(2,1,0)",12.55
USA,2027,Forecast,-1959.92,-5816.06,1896.11,6284.58,8244.5,"(2,1,0)",12.55
USA,2028,Forecast,-1882.93,-6628.48,2862.62,6359.37,8242.3,"(2,1,0)",12.55
USA,2029,Forecast,-1828.16,-7400.82,3744.5,6413.24,8241.4,"(2,1,0)",12.55
USA,2030,Forecast,-1788.95,-8131.6,4553.69,6452.05,8241.0,"(2,1,0)",12.55
USA,2031,Forecast,6480.0,,,6480.0,0.0,"(2,1,0)",12.55
Venezuela,1971,Historical,1039.0,,,1039.0,0.0,"(1,1,1)",
Venezuela,1972,Historical,1026.0,,,1026.0,0.0,"(1,1,1)",
Venezuela,1973,Historical,1148.0,,,1148.0,0.0,"(1,1,1)",
Venezuela,1974,Historical,986.0,,,986.0,0.0,"(1,1,1)",
Venezuela,1975,Historical,613.0,,,613.0,0.0,"(1,1,1)",
Venezuela,1976,Historical,763.0,,,763.0,0.0,"(1,1,1)",
Venezuela,1977,Historical,645.0,,,645.0,0.0,"(1,1,1)",
Venezuela,1978,Historical,699.0,,,699.0,0.0,"(1,1,1)",
Venezuela,1979,Historical,690.0,,,690.0,0.0,"(1,1,1)",
Venezuela,1980,Historical,562.0,,,562.0,0.0,"(1,1,1)",
Venezuela,1981,Historical,478.0,,,478.0,0.0,"(1,1,1)",
Venezuela,1982,Historical,482.0,,,482.0,0.0,"(1,1,1)",
Venezuela,1983,Historical,475.0,,,475.0,0.0,"(1,1,1)",
Venezuela,1984,Historical,499.0,,,499.0,0.0,"(1,1,1)",
Venezuela,1985,Historical,527.0,,,527.0,0.0,"(1,1,1)",
Venezuela,1986,Historical,559.0,,,559.0,0.0,"(1,1,1)",
Venezuela,1987,Historical,475.0,,,475.0,0.0,"(1,1,1)",
Venezuela,1988,Historical,618.0,,,618.0,0.0,"(1,1,1)",
Venezuela,1989,Historical,652.0,,,652.0,0.0,"(1,1,1)",
Venezuela,1990,Historical,616.0,,,616.0,0.0,"(1,1,1)",
Venezuela,1991,Historical,713.0,,,713.0,0.0,"(1,1,1)",
Venezuela,1992,Historical,613.0,,,613.0,0.0,"(1,1,1)",
Venezuela,1993,Historical,615.0,,,615.0,0.0,"(1,1,1)",
Venezuela,1994,Historical,670.0,,,670.0,0.0,"(1,1,1)",
Venezuela,1995,Historical,700.0,,,700.0,0.0,"(1,1,1)",
Venezuela,1996,Historical,747.0,,,747.0,0.0,"(1,1,1)",
Venezuela,1997,Historical,780.0,,,780.0,0.0,"(1,1,1)",
Venezuela,1998,Historical,806.0,,,806.0,0.0,"(1,1,1)",
Venezuela,1999,Historical,754.0,,,754.0,0.0,"(1,1,1)",
Venezuela,2000,Historical,730.0,,,730.0,0.0,"(1,1,1)",
Venezuela,2001,Historical,694.0,,,694.0,0.0,"(1,1,1)",
Venezuela,2002,Historical,602.0,,,602.0,0.0,"(1,1,1)",
Venezuela,2003,Historical,456.0,,,456.0,0.0,"(1,1,1)",
Venezuela,2004,Historical,669.0,,,669.0,0.0,"(1,1,1)",
Venezuela,2005,Historical,721.0,,,721.0,0.0,"(1,1,1)",
Venezuela,2006,Historical,563.0,,,563.0,0.0,"(1,1,1)",
Venezuela,2007,Historical,593.0,,,593.0,0.0,"(1,1,1)",
Venezuela,2008,Historical,540.0,,,540.0,0.0,"(1,1,1)",
Venezuela,2009,Historical,548.0,,,548.0,0.0,"(1,1,1)",
Venezuela,2010,Historical,389.0,,,389.0,0.0,"(1,1,1)",
Venezuela,2011,Historical,519.0,,,519.0,0.0,"(1,1,1)",
Venezuela,2012,Historical,393.0,,,393.0,0.0,"(1,1,1)",
Venezuela,2013,Historical,319.0,,,319.0,0.0,"(1,1,1)",
Venezuela,2014,Historical,361.0,,,361.0,0.0,"(1,1,1)",
Venezuela,2015,Historical,358.0,,,358.0,0.0,"(1,1,1)",
Venezuela,2016,Historical,282.0,,,282.0,0.0,"(1,1,1)",
Venezuela,2017,Historical,234.73,,,234.73,0.0,"(1,1,1)",
Venezuela,2018,Historical,230.98,,,230.98,0.0,"(1,1,1)",
Venezuela,2019,Historical,122.28,,,122.28,0.0,"(1,1,1)",
Venezuela,2020,Historical,84.35,,,84.35,0.0,"(1,1,1)",
Venezuela,2021,Historical,75.5,,,75.5,0.0,"(1,1,1)",
Venezuela,2022,Historical,174.15,,,174.15,0.0,"(1,1,1)",
Venezuela,2023,Historical,142.8,,,142.8,0.0,"(1,1,1)",
Venezuela,2024,Historical,159.07,,,159.07,0.0,"(1,1,1)",
Venezuela,2025,Forecast,161.45,,,161.45,0.0,"(1,1,1)",33.65
Venezuela,2026,Forecast,163.75,,,163.75,0.0,"(1,1,1)",33.65
Venezuela,2027,Forecast,165.98,,,165.98,0.0,"(1,1,1)",33.65
Venezuela,2028,Forecast,168.14,,,168.14,0.0,"(1,1,1)",33.65
Venezuela,2029,Forecast,170.23,,,170.23,0.0,"(1,1,1)",33.65
Venezuela,2030,Forecast,172.25,,,172.25,0.0,"(1,1,1)",33.65
Venezuela,2031,Forecast,174.21,,,174.21,0.0,"(1,1,1)",33.65
